a602,a936,p3868,abortion,0.5
a787,a787,p1431,abortion,0.5
a787,a235,p3637,abortion,0.5
a787,a787,p1472,abortion,0.5
a787,a453,p1476,abortion,0.5
a787,a453,p1423,abortion,0.5
a529,a384,p18191,abortion,0.666666667
a529,a384,p18186,abortion,0.666666667
a529,a384,p18233,abortion,0.666666667
a529,a384,p18237,abortion,0.666666667
a529,a384,p18259,abortion,0.666666667
a529,a384,p18245,abortion,0.666666667
a529,a384,p18247,abortion,0.666666667
a167,a852,p3844,abortion,0.5
a167,a859,p3723,abortion,0.5
a167,a235,p3654,abortion,0.5
a167,a235,p3638,abortion,0.5
a666,a366,p8802,abortion,0.2
a666,a366,p8811,abortion,0.2
a666,a366,p8787,abortion,0.2
a666,a366,p8821,abortion,0.2
a666,a852,p3590,abortion,0.5
a235,a167,p3639,abortion,0.5
a235,a825,p3645,abortion,0.5
a812,a637,p11881,abortion,1.0
a812,a495,p3911,abortion,0.5
a556,a952,p24090,abortion,0.25
a825,a235,p2316,abortion,0.4
a825,a235,p3644,abortion,0.5
a825,a859,p3677,abortion,0.5
a952,a384,p18200,abortion,0.666666667
a952,a363,p24222,abortion,0.5
a316,a663,p12962,abortion,0.2
a316,a936,p3774,abortion,0.5
a904,a316,p24356,abortion,0.2
a852,a852,p3835,abortion,0.5
a852,a859,p3848,abortion,0.5
a852,a366,p5081,abortion,0.2
a852,a167,p3751,abortion,0.5
a852,a859,p3717,abortion,0.5
a852,a852,p3653,abortion,0.5
a852,a825,p3652,abortion,0.5
a852,a852,p5138,abortion,0.2
a69,a637,p11918,abortion,1.0
a69,a637,p11896,abortion,1.0
a69,a114,p16055,abortion,0.5
a69,a637,p11864,abortion,1.0
a69,a637,p11910,abortion,1.0
a69,a114,p16047,abortion,0.5
a69,a974,p9694,abortion,0.142857143
a69,a114,p16080,abortion,0.5
a69,a114,p16041,abortion,0.5
a85,a852,p3543,abortion,0.5
a144,a787,p3842,abortion,0.5
a637,a69,p11924,abortion,1.0
a637,a69,p11949,abortion,1.0
a637,a69,p11903,abortion,1.0
a637,a69,p11956,abortion,1.0
a114,a936,p11958,abortion,1.0
a114,a908,p20232,abortion,0.2
a114,a366,p3808,abortion,0.5
a114,a936,p11872,abortion,1.0
a114,a936,p3575,abortion,0.5
a114,a255,p20088,abortion,0.2
a114,a936,p9690,abortion,0.142857143
a114,a69,p16075,abortion,0.5
a114,a936,p11895,abortion,1.0
a114,a255,p20234,abortion,0.2
a114,a366,p3793,abortion,0.5
a114,a366,p12784,abortion,0.2
a114,a936,p11944,abortion,1.0
a114,a936,p3640,abortion,0.5
a114,a114,p12814,abortion,0.2
a114,a936,p12690,abortion,0.2
a114,a936,p9699,abortion,0.142857143
a114,a366,p12921,abortion,0.2
a114,a69,p16091,abortion,0.5
a114,a69,p16073,abortion,0.5
a384,a529,p18187,abortion,0.666666667
a384,a529,p18246,abortion,0.666666667
a384,a529,p18234,abortion,0.666666667
a384,a366,p9656,abortion,0.142857143
a384,a255,p20217,abortion,0.2
a384,a255,p20222,abortion,0.2
a384,a952,p18202,abortion,0.666666667
a804,a804,p21376,abortion,0.4
a804,a804,p21489,abortion,0.4
a804,a804,p21552,abortion,0.4
a804,a804,p21553,abortion,0.4
a804,a804,p21487,abortion,0.4
a804,a952,p21551,abortion,0.4
a804,a804,p21498,abortion,0.4
a908,a255,p20113,abortion,0.2
a366,a232,p23910,abortion,0.25
a366,a663,p12886,abortion,0.2
a366,a384,p9657,abortion,0.142857143
a366,a663,p19267,abortion,0.142857143
a366,a663,p12916,abortion,0.2
a366,a663,p12919,abortion,0.2
a366,a602,p3879,abortion,0.5
a366,a114,p12817,abortion,0.2
a366,a114,p3802,abortion,0.5
a366,a663,p12880,abortion,0.2
a366,a663,p12935,abortion,0.2
a366,a663,p12930,abortion,0.2
a366,a327,p3775,abortion,0.5
a366,a114,p12783,abortion,0.2
a366,a666,p8807,abortion,0.2
a366,a663,p12775,abortion,0.2
a366,a366,p5102,abortion,0.2
a366,a663,p19198,abortion,0.142857143
a366,a663,p12973,abortion,0.2
a366,a663,p12984,abortion,0.2
a366,a663,p12911,abortion,0.2
a366,a663,p12913,abortion,0.2
a366,a114,p3889,abortion,0.5
a366,a666,p8801,abortion,0.2
a366,a666,p8805,abortion,0.2
a366,a663,p19231,abortion,0.142857143
a366,a663,p19252,abortion,0.142857143
a366,a663,p12786,abortion,0.2
a366,a663,p12692,abortion,0.2
a366,a114,p12923,abortion,0.2
a366,a495,p3937,abortion,0.5
a366,a666,p8789,abortion,0.2
a366,a663,p12878,abortion,0.2
a366,a384,p9733,abortion,0.142857143
a366,a666,p8785,abortion,0.2
a936,a859,p3596,abortion,0.5
a936,a114,p11878,abortion,1.0
a936,a114,p3602,abortion,0.5
a936,a114,p11962,abortion,1.0
a936,a114,p9709,abortion,0.142857143
a936,a602,p3861,abortion,0.5
a936,a663,p12946,abortion,0.2
a936,a663,p12947,abortion,0.2
a936,a114,p12912,abortion,0.2
a936,a663,p12887,abortion,0.2
a936,a663,p12959,abortion,0.2
a936,a114,p12925,abortion,0.2
a936,a663,p12924,abortion,0.2
a936,a114,p11951,abortion,1.0
a936,a114,p9654,abortion,0.142857143
a936,a114,p9689,abortion,0.142857143
a420,a663,p12874,abortion,0.2
a663,a366,p19273,abortion,0.142857143
a663,a366,p19260,abortion,0.142857143
a663,a366,p12915,abortion,0.2
a663,a366,p19228,abortion,0.142857143
a663,a316,p12965,abortion,0.2
a663,a936,p12950,abortion,0.2
a663,a366,p12776,abortion,0.2
a663,a223,p12877,abortion,0.2
a663,a366,p12879,abortion,0.2
a663,a366,p12787,abortion,0.2
a663,a936,p12960,abortion,0.2
a663,a366,p19235,abortion,0.142857143
a663,a255,p19272,abortion,0.142857143
a663,a366,p12857,abortion,0.2
a663,a366,p12689,abortion,0.2
a663,a366,p12976,abortion,0.2
a663,a366,p12938,abortion,0.2
a663,a936,p12691,abortion,0.2
a663,a255,p19265,abortion,0.142857143
a663,a936,p12945,abortion,0.2
a663,a366,p19256,abortion,0.142857143
a663,a255,p19261,abortion,0.142857143
a663,a366,p12931,abortion,0.2
a663,a366,p12917,abortion,0.2
a663,a366,p12883,abortion,0.2
a663,a366,p19246,abortion,0.142857143
a453,a787,p1473,abortion,0.5
a453,a787,p1415,abortion,0.5
a223,a420,p12875,abortion,0.2
a859,a167,p3659,abortion,0.5
a859,a852,p3796,abortion,0.5
a859,a167,p3797,abortion,0.5
a859,a852,p3718,abortion,0.5
a859,a852,p3706,abortion,0.5
a859,a167,p3907,abortion,0.5
a232,a420,p23909,abortion,0.25
a624,a366,p24036,abortion,0.25
a495,a366,p3951,abortion,0.5
a495,a859,p3935,abortion,0.5
a509,a272,p28898,abortion,0.4
a255,a255,p20086,abortion,0.2
a255,a384,p20214,abortion,0.2
a255,a663,p19268,abortion,0.142857143
a255,a663,p19219,abortion,0.142857143
a255,a384,p20226,abortion,0.2
a255,a114,p20188,abortion,0.2
a255,a384,p20220,abortion,0.2
a255,a663,p19217,abortion,0.142857143
a255,a663,p19215,abortion,0.142857143
a255,a114,p20196,abortion,0.2
a255,a255,p20176,abortion,0.2
a270,a928,p2859,evolution,0.5
a13,a710,p15267,evolution,0.666666667
a803,a803,p6199,evolution,0.5
a803,a803,p6209,evolution,0.5
a803,a803,p6171,evolution,0.5
a803,a803,p6152,evolution,0.5
a803,a803,p6136,evolution,0.5
a803,a803,p6169,evolution,0.5
a33,a928,p3185,evolution,0.5
a33,a928,p2994,evolution,0.5
a33,a928,p3057,evolution,0.5
a33,a928,p3099,evolution,0.5
a33,a928,p3021,evolution,0.5
a33,a928,p2783,evolution,0.5
a33,a928,p2841,evolution,0.5
a33,a928,p3011,evolution,0.5
a33,a702,p3180,evolution,0.5
a835,a950,p19354,evolution,1.0
a224,a928,p9107,evolution,0.5
a224,a317,p10152,evolution,0.333333333
a345,a941,p16517,evolution,0.5
a345,a941,p7984,evolution,0.142857143
a345,a899,p16565,evolution,0.5
a345,a899,p16578,evolution,0.5
a345,a941,p8119,evolution,0.142857143
a610,a486,p15100,evolution,0.666666667
a610,a486,p15170,evolution,0.666666667
a610,a486,p15455,evolution,0.666666667
a610,a486,p15098,evolution,0.666666667
a610,a486,p15166,evolution,0.666666667
a610,a486,p15167,evolution,0.666666667
a610,a486,p15302,evolution,0.666666667
a610,a486,p15111,evolution,0.666666667
a610,a762,p15412,evolution,0.666666667
a364,a202,p19008,evolution,0.6
a364,a202,p19016,evolution,0.6
a364,a928,p9078,evolution,0.5
a364,a928,p9081,evolution,0.5
a364,a928,p9138,evolution,0.5
a364,a200,p8125,evolution,0.142857143
a364,a928,p9124,evolution,0.5
a486,a909,p15527,evolution,0.2
a486,a610,p15127,evolution,0.666666667
a486,a610,p15128,evolution,0.666666667
a486,a909,p15502,evolution,0.2
a486,a610,p15220,evolution,0.666666667
a486,a610,p15463,evolution,0.666666667
a486,a610,p15102,evolution,0.666666667
a486,a610,p15271,evolution,0.666666667
a486,a610,p15303,evolution,0.666666667
a642,a169,p13853,evolution,0.4
a642,a92,p13859,evolution,0.4
a642,a472,p7975,evolution,0.142857143
a899,a169,p23615,evolution,0.833333333
a899,a169,p23058,evolution,0.2
a899,a345,p16580,evolution,0.5
a909,a486,p15497,evolution,0.2
a136,a136,p31012,evolution,0.2
a136,a356,p31014,evolution,0.2
a921,a921,p25045,evolution,0.166666667
a921,a169,p15206,evolution,0.666666667
a921,a921,p18996,evolution,0.6
a921,a169,p15363,evolution,0.666666667
a921,a921,p25071,evolution,0.166666667
a921,a835,p19364,evolution,1.0
a928,a182,p9130,evolution,0.5
a928,a364,p9143,evolution,0.5
a928,a182,p9104,evolution,0.5
a928,a928,p3025,evolution,0.5
a928,a928,p9101,evolution,0.5
a928,a702,p2846,evolution,0.5
a928,a33,p2892,evolution,0.5
a928,a928,p2797,evolution,0.5
a928,a928,p9071,evolution,0.5
a928,a980,p8099,evolution,0.142857143
a928,a928,p9146,evolution,0.5
a928,a33,p3014,evolution,0.5
a928,a33,p2784,evolution,0.5
a928,a33,p3056,evolution,0.5
a928,a928,p3221,evolution,0.5
a928,a364,p9142,evolution,0.5
a928,a657,p2967,evolution,0.5
a928,a33,p3150,evolution,0.5
a928,a928,p3062,evolution,0.5
a928,a33,p3058,evolution,0.5
a928,a928,p7983,evolution,0.142857143
a928,a270,p2950,evolution,0.5
a928,a928,p8041,evolution,0.142857143
a928,a928,p9128,evolution,0.5
a928,a224,p9083,evolution,0.5
a928,a1023,p8026,evolution,0.142857143
a928,a928,p7977,evolution,0.142857143
a928,a33,p3149,evolution,0.5
a928,a928,p2805,evolution,0.5
a941,a345,p8021,evolution,0.142857143
a941,a941,p15436,evolution,0.666666667
a941,a740,p15433,evolution,0.666666667
a941,a345,p7971,evolution,0.142857143
a941,a345,p8126,evolution,0.142857143
a941,a345,p8025,evolution,0.142857143
a941,a345,p7991,evolution,0.142857143
a941,a928,p8102,evolution,0.142857143
a941,a345,p16576,evolution,0.5
a941,a740,p15423,evolution,0.666666667
a941,a740,p15427,evolution,0.666666667
a941,a740,p15420,evolution,0.666666667
a941,a909,p13846,evolution,0.4
a169,a642,p27351,evolution,0.6
a169,a261,p13852,evolution,0.4
a169,a610,p15414,evolution,0.666666667
a169,a261,p13871,evolution,0.4
a169,a921,p15161,evolution,0.666666667
a169,a921,p15459,evolution,0.666666667
a182,a182,p9110,evolution,0.5
a182,a364,p9075,evolution,0.5
a622,a136,p31007,evolution,0.2
a200,a1019,p8120,evolution,0.142857143
a200,a1019,p8105,evolution,0.142857143
a202,a364,p19032,evolution,0.6
a755,a941,p15211,evolution,0.666666667
a755,a980,p26786,evolution,0.6
a468,a980,p27262,evolution,0.2
a261,a642,p13911,evolution,0.4
a356,a136,p30990,evolution,0.2
a472,a472,p15406,evolution,0.666666667
a740,a740,p15430,evolution,0.666666667
a740,a740,p15431,evolution,0.666666667
a740,a941,p15426,evolution,0.666666667
a740,a941,p15421,evolution,0.666666667
a980,a305,p1500,evolution,0.4
a980,a979,p1623,evolution,0.4
a1019,a200,p7986,evolution,0.142857143
a1019,a472,p8106,evolution,0.142857143
a762,a486,p15308,evolution,0.666666667
a108,a105,p12160,gaymarriage,0.2
a108,a798,p15862,gaymarriage,0.2
a108,a798,p15808,gaymarriage,0.2
a108,a105,p12476,gaymarriage,0.2
a108,a105,p12288,gaymarriage,0.2
a108,a105,p12114,gaymarriage,0.2
a108,a798,p15854,gaymarriage,0.2
a108,a108,p18080,gaymarriage,0.2
a108,a798,p15888,gaymarriage,0.2
a108,a105,p12070,gaymarriage,0.2
a108,a798,p15908,gaymarriage,0.2
a108,a798,p15829,gaymarriage,0.2
a108,a105,p12367,gaymarriage,0.2
a108,a105,p12462,gaymarriage,0.2
a108,a798,p15924,gaymarriage,0.2
a108,a105,p12205,gaymarriage,0.2
a108,a798,p15909,gaymarriage,0.2
a108,a798,p15896,gaymarriage,0.2
a108,a798,p15986,gaymarriage,0.2
a108,a105,p12054,gaymarriage,0.2
a108,a798,p15818,gaymarriage,0.2
a108,a798,p15972,gaymarriage,0.2
a108,a105,p12250,gaymarriage,0.2
a108,a105,p12286,gaymarriage,0.2
a108,a105,p12126,gaymarriage,0.2
a108,a798,p15901,gaymarriage,0.2
a108,a105,p11620,gaymarriage,0.5
a20,a556,p29826,gaymarriage,0.25
a20,a20,p18008,gaymarriage,0.2
a20,a617,p29815,gaymarriage,0.25
a20,a209,p26066,gaymarriage,0.2
a20,a556,p29825,gaymarriage,0.25
a285,a105,p11657,gaymarriage,0.5
a285,a857,p11648,gaymarriage,0.5
a285,a105,p11610,gaymarriage,0.5
a807,a105,p26249,gaymarriage,0.2
a807,a239,p26430,gaymarriage,0.2
a807,a855,p25318,gaymarriage,0.666666667
a807,a239,p23296,gaymarriage,0.666666667
a807,a420,p26609,gaymarriage,0.2
a807,a239,p26436,gaymarriage,0.2
a808,a69,p13963,gaymarriage,0.2
a556,a105,p25146,gaymarriage,0.666666667
a556,a972,p25356,gaymarriage,0.666666667
a556,a105,p26296,gaymarriage,0.2
a556,a617,p29833,gaymarriage,0.25
a556,a325,p25121,gaymarriage,0.666666667
a556,a105,p25371,gaymarriage,0.666666667
a556,a556,p25209,gaymarriage,0.666666667
a556,a556,p25216,gaymarriage,0.666666667
a556,a972,p25358,gaymarriage,0.666666667
a556,a325,p25260,gaymarriage,0.666666667
a556,a497,p25231,gaymarriage,0.666666667
a556,a556,p25195,gaymarriage,0.666666667
a556,a556,p25452,gaymarriage,0.666666667
a556,a20,p29792,gaymarriage,0.25
a556,a556,p25248,gaymarriage,0.666666667
a556,a807,p25155,gaymarriage,0.666666667
a556,a325,p25262,gaymarriage,0.666666667
a556,a497,p25228,gaymarriage,0.666666667
a556,a972,p25236,gaymarriage,0.666666667
a556,a105,p25150,gaymarriage,0.666666667
a556,a497,p25208,gaymarriage,0.666666667
a556,a556,p25277,gaymarriage,0.666666667
a556,a617,p29819,gaymarriage,0.25
a556,a556,p29771,gaymarriage,0.25
a556,a556,p25194,gaymarriage,0.666666667
a556,a556,p25237,gaymarriage,0.666666667
a556,a239,p25108,gaymarriage,0.666666667
a556,a105,p25325,gaymarriage,0.666666667
a556,a617,p29798,gaymarriage,0.25
a556,a239,p25120,gaymarriage,0.666666667
a239,a556,p25196,gaymarriage,0.666666667
a239,a807,p23299,gaymarriage,0.666666667
a239,a556,p25109,gaymarriage,0.666666667
a239,a325,p25105,gaymarriage,0.666666667
a239,a972,p26405,gaymarriage,0.2
a239,a807,p26431,gaymarriage,0.2
a239,a807,p26251,gaymarriage,0.2
a239,a497,p26415,gaymarriage,0.2
a798,a211,p15963,gaymarriage,0.2
a798,a857,p15987,gaymarriage,0.2
a798,a108,p15996,gaymarriage,0.2
a798,a857,p15811,gaymarriage,0.2
a798,a211,p15853,gaymarriage,0.2
a798,a798,p15894,gaymarriage,0.2
a798,a857,p15973,gaymarriage,0.2
a798,a211,p15864,gaymarriage,0.2
a798,a211,p15995,gaymarriage,0.2
a798,a108,p15933,gaymarriage,0.2
a798,a211,p15800,gaymarriage,0.2
a798,a857,p15953,gaymarriage,0.2
a798,a211,p15900,gaymarriage,0.2
a798,a108,p15820,gaymarriage,0.2
a798,a108,p15913,gaymarriage,0.2
a798,a211,p15895,gaymarriage,0.2
a798,a108,p15819,gaymarriage,0.2
a798,a108,p15893,gaymarriage,0.2
a798,a108,p15887,gaymarriage,0.2
a798,a108,p15897,gaymarriage,0.2
a798,a211,p15903,gaymarriage,0.2
a798,a108,p15860,gaymarriage,0.2
a798,a798,p15974,gaymarriage,0.2
a798,a497,p15875,gaymarriage,0.2
a798,a857,p15841,gaymarriage,0.2
a798,a108,p15954,gaymarriage,0.2
a857,a105,p11476,gaymarriage,0.5
a857,a105,p11415,gaymarriage,0.5
a857,a69,p14011,gaymarriage,0.2
a857,a497,p15789,gaymarriage,0.4
a857,a211,p15871,gaymarriage,0.2
a857,a497,p15985,gaymarriage,0.2
a857,a105,p12216,gaymarriage,0.2
a857,a105,p11640,gaymarriage,0.5
a857,a108,p12285,gaymarriage,0.2
a857,a497,p12350,gaymarriage,0.2
a857,a105,p11561,gaymarriage,0.5
a857,a211,p15839,gaymarriage,0.2
a857,a105,p11663,gaymarriage,0.5
a857,a108,p11422,gaymarriage,0.5
a857,a105,p11485,gaymarriage,0.5
a857,a497,p12633,gaymarriage,0.4
a857,a105,p11430,gaymarriage,0.5
a857,a105,p11421,gaymarriage,0.5
a857,a105,p11481,gaymarriage,0.5
a857,a105,p12076,gaymarriage,0.2
a857,a497,p14007,gaymarriage,0.2
a857,a69,p12115,gaymarriage,0.2
a857,a105,p11644,gaymarriage,0.5
a857,a105,p11667,gaymarriage,0.5
a857,a105,p12071,gaymarriage,0.2
a857,a105,p12490,gaymarriage,0.2
a857,a798,p15851,gaymarriage,0.2
a857,a857,p12293,gaymarriage,0.2
a857,a69,p14003,gaymarriage,0.2
a857,a105,p11668,gaymarriage,0.5
a857,a798,p15945,gaymarriage,0.2
a857,a69,p12478,gaymarriage,0.2
a857,a108,p12080,gaymarriage,0.2
a857,a798,p15815,gaymarriage,0.2
a857,a105,p11669,gaymarriage,0.5
a857,a798,p15955,gaymarriage,0.2
a857,a798,p15971,gaymarriage,0.2
a857,a798,p15817,gaymarriage,0.2
a857,a108,p12336,gaymarriage,0.2
a857,a497,p12393,gaymarriage,0.2
a857,a798,p15856,gaymarriage,0.2
a69,a497,p12078,gaymarriage,0.2
a69,a108,p12602,gaymarriage,0.4
a69,a497,p14010,gaymarriage,0.2
a69,a857,p12087,gaymarriage,0.2
a69,a857,p14008,gaymarriage,0.2
a69,a857,p12116,gaymarriage,0.2
a397,a20,p18013,gaymarriage,0.2
a397,a397,p18116,gaymarriage,0.2
a397,a397,p18130,gaymarriage,0.2
a617,a556,p29812,gaymarriage,0.25
a617,a556,p29811,gaymarriage,0.25
a617,a556,p29802,gaymarriage,0.25
a617,a58,p29776,gaymarriage,0.25
a617,a20,p29788,gaymarriage,0.25
a617,a58,p29780,gaymarriage,0.25
a621,a211,p15765,gaymarriage,0.4
a105,a325,p26310,gaymarriage,0.2
a105,a857,p11483,gaymarriage,0.5
a105,a197,p12340,gaymarriage,0.2
a105,a857,p11408,gaymarriage,0.5
a105,a556,p25135,gaymarriage,0.666666667
a105,a108,p12280,gaymarriage,0.2
a105,a857,p11666,gaymarriage,0.5
a105,a972,p26534,gaymarriage,0.2
a105,a857,p12430,gaymarriage,0.2
a105,a497,p11613,gaymarriage,0.5
a105,a972,p26349,gaymarriage,0.2
a105,a108,p12249,gaymarriage,0.2
a105,a857,p11651,gaymarriage,0.5
a105,a497,p12326,gaymarriage,0.2
a105,a972,p26255,gaymarriage,0.2
a105,a497,p12395,gaymarriage,0.2
a105,a108,p12282,gaymarriage,0.2
a105,a972,p26357,gaymarriage,0.2
a105,a972,p26309,gaymarriage,0.2
a105,a857,p11403,gaymarriage,0.5
a105,a556,p25137,gaymarriage,0.666666667
a105,a857,p12218,gaymarriage,0.2
a105,a556,p25148,gaymarriage,0.666666667
a105,a556,p26308,gaymarriage,0.2
a105,a108,p12148,gaymarriage,0.2
a105,a972,p26316,gaymarriage,0.2
a105,a497,p26458,gaymarriage,0.2
a105,a857,p12104,gaymarriage,0.2
a105,a108,p12110,gaymarriage,0.2
a105,a857,p12073,gaymarriage,0.2
a105,a807,p26612,gaymarriage,0.2
a105,a857,p12089,gaymarriage,0.2
a105,a108,p12062,gaymarriage,0.2
a105,a972,p26483,gaymarriage,0.2
a105,a108,p12291,gaymarriage,0.2
a105,a197,p12352,gaymarriage,0.2
a105,a108,p12204,gaymarriage,0.2
a105,a857,p12509,gaymarriage,0.2
a105,a285,p11530,gaymarriage,0.5
a105,a108,p12497,gaymarriage,0.2
a105,a972,p26320,gaymarriage,0.2
a105,a108,p11424,gaymarriage,0.5
a105,a325,p26321,gaymarriage,0.2
a105,a105,p25140,gaymarriage,0.666666667
a105,a497,p12324,gaymarriage,0.2
a105,a857,p11650,gaymarriage,0.5
a105,a857,p11608,gaymarriage,0.5
a105,a972,p26353,gaymarriage,0.2
a105,a972,p26360,gaymarriage,0.2
a105,a108,p12460,gaymarriage,0.2
a105,a972,p26328,gaymarriage,0.2
a105,a556,p25182,gaymarriage,0.666666667
a105,a972,p26481,gaymarriage,0.2
a105,a108,p12338,gaymarriage,0.2
a105,a972,p26506,gaymarriage,0.2
a105,a857,p11664,gaymarriage,0.5
a105,a972,p26299,gaymarriage,0.2
a105,a285,p11410,gaymarriage,0.5
a105,a857,p11437,gaymarriage,0.5
a105,a857,p11662,gaymarriage,0.5
a105,a857,p11486,gaymarriage,0.5
a574,a972,p26495,gaymarriage,0.2
a574,a556,p25176,gaymarriage,0.666666667
a574,a239,p26502,gaymarriage,0.2
a574,a239,p26444,gaymarriage,0.2
a574,a972,p26494,gaymarriage,0.2
a574,a105,p25149,gaymarriage,0.666666667
a376,a108,p12626,gaymarriage,0.4
a136,a420,p26563,gaymarriage,0.2
a325,a209,p26070,gaymarriage,0.2
a325,a105,p26315,gaymarriage,0.2
a325,a20,p26063,gaymarriage,0.2
a325,a972,p26002,gaymarriage,0.2
a325,a239,p25119,gaymarriage,0.666666667
a325,a105,p26305,gaymarriage,0.2
a325,a855,p25374,gaymarriage,0.666666667
a325,a556,p25259,gaymarriage,0.666666667
a325,a556,p25132,gaymarriage,0.666666667
a325,a972,p26001,gaymarriage,0.2
a325,a556,p25261,gaymarriage,0.666666667
a420,a972,p26567,gaymarriage,0.2
a420,a972,p26038,gaymarriage,0.2
a420,a972,p26035,gaymarriage,0.2
a420,a497,p31561,gaymarriage,0.333333333
a420,a420,p26049,gaymarriage,0.2
a420,a972,p26250,gaymarriage,0.2
a420,a972,p26032,gaymarriage,0.2
a58,a617,p29796,gaymarriage,0.25
a710,a518,p18069,gaymarriage,0.2
a855,a912,p25380,gaymarriage,0.666666667
a855,a855,p25273,gaymarriage,0.666666667
a855,a972,p25340,gaymarriage,0.666666667
a197,a69,p12130,gaymarriage,0.2
a197,a105,p12341,gaymarriage,0.2
a972,a420,p26036,gaymarriage,0.2
a972,a420,p26580,gaymarriage,0.2
a972,a497,p26040,gaymarriage,0.2
a972,a105,p26300,gaymarriage,0.2
a972,a105,p26599,gaymarriage,0.2
a972,a105,p26312,gaymarriage,0.2
a972,a556,p25357,gaymarriage,0.666666667
a972,a420,p26031,gaymarriage,0.2
a972,a556,p25177,gaymarriage,0.666666667
a972,a420,p26562,gaymarriage,0.2
a972,a105,p26347,gaymarriage,0.2
a972,a105,p26404,gaymarriage,0.2
a972,a105,p26482,gaymarriage,0.2
a972,a105,p26306,gaymarriage,0.2
a972,a972,p26341,gaymarriage,0.2
a972,a105,p26323,gaymarriage,0.2
a972,a420,p25431,gaymarriage,0.666666667
a972,a105,p26351,gaymarriage,0.2
a972,a420,p26033,gaymarriage,0.2
a972,a105,p26359,gaymarriage,0.2
a972,a105,p26363,gaymarriage,0.2
a972,a105,p26480,gaymarriage,0.2
a972,a105,p26354,gaymarriage,0.2
a972,a105,p26371,gaymarriage,0.2
a972,a105,p26508,gaymarriage,0.2
a972,a105,p26248,gaymarriage,0.2
a972,a105,p26317,gaymarriage,0.2
a972,a105,p26269,gaymarriage,0.2
a972,a20,p26009,gaymarriage,0.2
a972,a855,p25335,gaymarriage,0.666666667
a211,a798,p15979,gaymarriage,0.2
a211,a621,p15766,gaymarriage,0.4
a211,a857,p15838,gaymarriage,0.2
a211,a857,p15876,gaymarriage,0.2
a211,a798,p15958,gaymarriage,0.2
a211,a798,p15857,gaymarriage,0.2
a211,a798,p15978,gaymarriage,0.2
a211,a497,p15844,gaymarriage,0.2
a211,a798,p15880,gaymarriage,0.2
a211,a798,p15868,gaymarriage,0.2
a211,a798,p15914,gaymarriage,0.2
a211,a798,p15890,gaymarriage,0.2
a211,a798,p15944,gaymarriage,0.2
a497,a497,p19387,gaymarriage,0.25
a497,a497,p12592,gaymarriage,0.4
a497,a497,p12181,gaymarriage,0.2
a497,a857,p12391,gaymarriage,0.2
a497,a857,p12635,gaymarriage,0.4
a497,a857,p15748,gaymarriage,0.4
a497,a857,p12348,gaymarriage,0.2
a497,a497,p12177,gaymarriage,0.2
a497,a857,p16103,gaymarriage,0.25
a497,a497,p26365,gaymarriage,0.2
a497,a497,p12184,gaymarriage,0.2
a497,a108,p15813,gaymarriage,0.2
a497,a108,p15866,gaymarriage,0.2
a497,a497,p19386,gaymarriage,0.25
a497,a556,p25230,gaymarriage,0.666666667
a497,a497,p12182,gaymarriage,0.2
a497,a497,p19455,gaymarriage,0.25
a497,a497,p12389,gaymarriage,0.2
a497,a497,p19416,gaymarriage,0.25
a497,a972,p26037,gaymarriage,0.2
a497,a69,p14009,gaymarriage,0.2
a497,a211,p15961,gaymarriage,0.2
a497,a108,p12625,gaymarriage,0.4
a497,a497,p9640,gaymarriage,0.2
a497,a857,p14004,gaymarriage,0.2
a497,a972,p26364,gaymarriage,0.2
a497,a857,p15792,gaymarriage,0.4
a497,a574,p26457,gaymarriage,0.2
a497,a69,p12075,gaymarriage,0.2
a497,a108,p12588,gaymarriage,0.4
a497,a497,p12180,gaymarriage,0.2
a497,a512,p25207,gaymarriage,0.666666667
a497,a497,p12101,gaymarriage,0.2
a497,a857,p15842,gaymarriage,0.2
a534,a717,p27560,guncontrol,0.5
a534,a717,p27625,guncontrol,0.5
a534,a902,p27561,guncontrol,0.5
a534,a717,p27544,guncontrol,0.5
a534,a717,p27543,guncontrol,0.5
a535,a759,p8398,guncontrol,0.333333333
a535,a759,p8323,guncontrol,0.333333333
a387,a924,p8407,guncontrol,0.333333333
a39,a759,p11810,guncontrol,0.25
a743,a717,p27630,guncontrol,0.5
a301,a205,p3354,guncontrol,0.2
a301,a390,p5722,guncontrol,0.25
a301,a390,p3340,guncontrol,0.2
a499,a893,p10202,guncontrol,0.25
a499,a893,p10219,guncontrol,0.25
a499,a893,p10214,guncontrol,0.25
a499,a893,p10212,guncontrol,0.25
a893,a499,p10204,guncontrol,0.25
a893,a499,p10218,guncontrol,0.25
a893,a499,p10215,guncontrol,0.25
a577,a205,p3378,guncontrol,0.2
a577,a205,p602,guncontrol,0.25
a577,a205,p2604,guncontrol,0.4
a577,a205,p574,guncontrol,0.25
a577,a205,p3328,guncontrol,0.2
a577,a601,p2598,guncontrol,0.4
a577,a205,p3331,guncontrol,0.2
a577,a205,p579,guncontrol,0.25
a577,a205,p2553,guncontrol,0.4
a577,a205,p3364,guncontrol,0.2
a601,a205,p2536,guncontrol,0.4
a601,a205,p2529,guncontrol,0.4
a601,a205,p2540,guncontrol,0.4
a884,a514,p15046,guncontrol,0.25
a366,a390,p5729,guncontrol,0.25
a366,a390,p5720,guncontrol,0.25
a366,a366,p5746,guncontrol,0.25
a366,a390,p2471,guncontrol,0.4
a366,a390,p5627,guncontrol,0.25
a366,a390,p5704,guncontrol,0.25
a366,a390,p2678,guncontrol,0.4
a366,a390,p5668,guncontrol,0.25
a366,a390,p2564,guncontrol,0.4
a366,a390,p5708,guncontrol,0.25
a766,a173,p1117,guncontrol,0.6
a902,a534,p27567,guncontrol,0.5
a390,a366,p2680,guncontrol,0.4
a390,a366,p5723,guncontrol,0.25
a390,a366,p5711,guncontrol,0.25
a390,a472,p2634,guncontrol,0.4
a390,a472,p2542,guncontrol,0.4
a390,a366,p5718,guncontrol,0.25
a390,a390,p5636,guncontrol,0.25
a390,a366,p2667,guncontrol,0.4
a390,a366,p2484,guncontrol,0.4
a390,a390,p2482,guncontrol,0.4
a390,a366,p5707,guncontrol,0.25
a684,a39,p11814,guncontrol,0.25
a684,a759,p3357,guncontrol,0.2
a684,a205,p3347,guncontrol,0.2
a173,a173,p1118,guncontrol,0.6
a173,a205,p3391,guncontrol,0.8
a173,a173,p3349,guncontrol,0.2
a173,a173,p1126,guncontrol,0.6
a173,a577,p3390,guncontrol,0.8
a121,a284,p33009,guncontrol,0.666666667
a717,a717,p27694,guncontrol,0.5
a717,a574,p27646,guncontrol,0.5
a717,a534,p27554,guncontrol,0.5
a717,a972,p27552,guncontrol,0.5
a972,a717,p27680,guncontrol,0.5
a972,a717,p27705,guncontrol,0.5
a722,a722,p2102,guncontrol,0.75
a722,a173,p1125,guncontrol,0.6
a722,a722,p2148,guncontrol,0.75
a722,a722,p2112,guncontrol,0.75
a722,a722,p2119,guncontrol,0.75
a722,a722,p2178,guncontrol,0.75
a722,a722,p2095,guncontrol,0.75
a722,a722,p2139,guncontrol,0.75
a205,a722,p2104,guncontrol,0.75
a205,a173,p3389,guncontrol,0.8
a205,a173,p1109,guncontrol,0.6
a205,a722,p2085,guncontrol,0.75
a205,a722,p2164,guncontrol,0.75
a205,a173,p2600,guncontrol,0.4
a205,a577,p576,guncontrol,0.25
a205,a577,p580,guncontrol,0.25
a205,a205,p3471,guncontrol,0.25
a205,a722,p2138,guncontrol,0.75
a205,a173,p1113,guncontrol,0.6
a205,a722,p2122,guncontrol,0.75
a205,a577,p2639,guncontrol,0.4
a205,a722,p2110,guncontrol,0.75
a205,a601,p2533,guncontrol,0.4
a205,a173,p3382,guncontrol,0.8
a205,a173,p665,guncontrol,0.25
a205,a722,p2173,guncontrol,0.75
a205,a601,p2537,guncontrol,0.4
a205,a173,p3368,guncontrol,0.2
a205,a173,p1112,guncontrol,0.6
a205,a722,p2098,guncontrol,0.75
a205,a722,p2175,guncontrol,0.75
a205,a722,p2087,guncontrol,0.75
a205,a722,p2159,guncontrol,0.75
a205,a601,p2528,guncontrol,0.4
a205,a722,p2167,guncontrol,0.75
a205,a722,p2158,guncontrol,0.75
a205,a173,p1124,guncontrol,0.6
a205,a205,p2525,guncontrol,0.4
a205,a173,p1106,guncontrol,0.6
a205,a577,p3365,guncontrol,0.2
a205,a173,p1123,guncontrol,0.6
a205,a205,p2480,guncontrol,0.4
a205,a205,p3442,guncontrol,0.8
a205,a601,p2664,guncontrol,0.4
a205,a601,p2543,guncontrol,0.4
a205,a722,p2143,guncontrol,0.75
a205,a722,p2174,guncontrol,0.75
a205,a722,p2156,guncontrol,0.75
a205,a722,p2131,guncontrol,0.75
a205,a205,p3428,guncontrol,0.8
a763,a722,p2083,guncontrol,0.75
a763,a173,p1127,guncontrol,0.6
a763,a722,p2088,guncontrol,0.75
a763,a722,p2111,guncontrol,0.75
a763,a722,p2185,guncontrol,0.75
a763,a173,p1122,guncontrol,0.6
a763,a722,p2092,guncontrol,0.75
a763,a173,p1107,guncontrol,0.6
a763,a722,p2132,guncontrol,0.75
a472,a390,p2409,guncontrol,0.4
a472,a390,p2676,guncontrol,0.4
a472,a499,p10172,guncontrol,0.25
a1004,a366,p27851,guncontrol,0.2
a759,a535,p8471,guncontrol,0.333333333
a759,a39,p11813,guncontrol,0.25
a759,a893,p10206,guncontrol,0.25
a759,a514,p15051,guncontrol,0.25
a759,a684,p3376,guncontrol,0.2
a759,a366,p6315,guncontrol,0.333333333
a514,a884,p15052,guncontrol,0.25
a125,a105,p8624,deathpenalty,0.333333333
a125,a105,p8605,deathpenalty,0.333333333
a197,a105,p5605,deathpenalty,0.2
a197,a105,p5578,deathpenalty,0.2
a197,a105,p5623,deathpenalty,0.2
a197,a105,p5580,deathpenalty,0.2
a197,a105,p5604,deathpenalty,0.2
a197,a105,p5613,deathpenalty,0.2
a197,a609,p5581,deathpenalty,0.2
a197,a105,p5561,deathpenalty,0.2
a197,a105,p5616,deathpenalty,0.2
a197,a105,p5606,deathpenalty,0.2
a609,a105,p5560,deathpenalty,0.2
a546,a624,p8598,deathpenalty,0.333333333
a546,a624,p8609,deathpenalty,0.333333333
a105,a197,p5610,deathpenalty,0.2
a105,a197,p5599,deathpenalty,0.2
a105,a624,p8671,deathpenalty,0.333333333
a105,a197,p5563,deathpenalty,0.2
a105,a197,p5571,deathpenalty,0.2
a105,a197,p5609,deathpenalty,0.2
a105,a624,p8584,deathpenalty,0.333333333
a105,a884,p5589,deathpenalty,0.2
a105,a197,p5584,deathpenalty,0.2
a105,a624,p8593,deathpenalty,0.333333333
a105,a197,p5574,deathpenalty,0.2
a105,a197,p5603,deathpenalty,0.2
a105,a197,p5575,deathpenalty,0.2
a105,a624,p8666,deathpenalty,0.333333333
a105,a197,p5622,deathpenalty,0.2
a105,a125,p8625,deathpenalty,0.333333333
a105,a624,p8615,deathpenalty,0.333333333
a105,a884,p5570,deathpenalty,0.2
a105,a624,p8667,deathpenalty,0.333333333
a624,a624,p8663,deathpenalty,0.333333333
a624,a105,p8662,deathpenalty,0.333333333
a624,a105,p8669,deathpenalty,0.333333333
a624,a105,p8610,deathpenalty,0.333333333
a624,a105,p8590,deathpenalty,0.333333333
a884,a105,p5573,deathpenalty,0.2
a418,a300,p28838,abortion,0.4
a778,a960,p31340,abortion,0.5
a778,a778,p31379,abortion,0.5
a778,a1013,p31430,abortion,0.5
a21,a555,p9724,abortion,0.142857143
a21,a706,p3973,abortion,0.5
a21,a21,p9723,abortion,0.142857143
a555,a370,p9693,abortion,0.142857143
a521,a706,p3694,abortion,0.5
a299,a647,p24325,abortion,0.2
a299,a299,p23928,abortion,0.25
a585,a779,p20155,abortion,0.2
a585,a717,p20612,abortion,0.75
a843,a706,p3674,abortion,0.5
a843,a706,p3588,abortion,0.5
a843,a706,p3700,abortion,0.5
a843,a706,p3895,abortion,0.5
a843,a706,p3710,abortion,0.5
a843,a706,p3609,abortion,0.5
a843,a706,p3608,abortion,0.5
a843,a706,p3786,abortion,0.5
a843,a706,p3824,abortion,0.5
a843,a706,p3966,abortion,0.5
a843,a706,p3829,abortion,0.5
a843,a706,p3865,abortion,0.5
a843,a706,p3858,abortion,0.5
a843,a706,p3684,abortion,0.5
a843,a706,p3826,abortion,0.5
a843,a706,p3965,abortion,0.5
a843,a706,p3725,abortion,0.5
a843,a706,p3562,abortion,0.5
a843,a706,p3540,abortion,0.5
a843,a706,p2329,abortion,0.4
a843,a706,p3909,abortion,0.5
a843,a706,p3526,abortion,0.5
a843,a706,p3941,abortion,0.5
a843,a706,p3668,abortion,0.5
a843,a706,p3883,abortion,0.5
a843,a706,p3716,abortion,0.5
a843,a525,p2330,abortion,0.4
a843,a706,p3757,abortion,0.5
a843,a706,p3563,abortion,0.5
a843,a706,p3615,abortion,0.5
a835,a717,p20920,abortion,0.333333333
a835,a544,p20218,abortion,0.2
a866,a866,p8814,abortion,0.2
a866,a31,p8799,abortion,0.2
a91,a706,p2319,abortion,0.4
a91,a707,p1458,abortion,0.5
a617,a717,p28904,abortion,0.4
a686,a215,p3742,abortion,0.5
a686,a647,p24225,abortion,0.5
a686,a97,p24188,abortion,0.25
a370,a585,p20610,abortion,0.75
a370,a941,p12837,abortion,0.2
a370,a418,p28896,abortion,0.4
a370,a555,p9688,abortion,0.142857143
a370,a941,p12834,abortion,0.2
a370,a555,p9695,abortion,0.142857143
a370,a941,p12772,abortion,0.2
a370,a717,p12860,abortion,0.2
a370,a370,p12893,abortion,0.2
a370,a603,p20960,abortion,0.333333333
a370,a717,p12901,abortion,0.2
a636,a636,p21518,abortion,0.4
a636,a717,p21503,abortion,0.4
a636,a717,p21455,abortion,0.4
a636,a636,p21525,abortion,0.4
a636,a717,p21450,abortion,0.4
a636,a717,p21514,abortion,0.4
a636,a636,p21517,abortion,0.4
a636,a636,p21515,abortion,0.4
a642,a370,p28897,abortion,0.4
a941,a717,p12859,abortion,0.2
a941,a717,p12672,abortion,0.2
a941,a954,p12697,abortion,0.2
a941,a370,p12867,abortion,0.2
a941,a954,p12654,abortion,0.2
a941,a370,p12831,abortion,0.2
a694,a706,p1794,abortion,0.166666667
a694,a706,p1795,abortion,0.166666667
a694,a706,p1765,abortion,0.166666667
a694,a706,p1786,abortion,0.166666667
a954,a941,p12648,abortion,0.2
a954,a21,p9708,abortion,0.142857143
a954,a941,p12661,abortion,0.2
a705,a706,p3560,abortion,0.5
a707,a707,p1460,abortion,0.5
a707,a707,p1411,abortion,0.5
a707,a707,p1406,abortion,0.5
a707,a707,p1455,abortion,0.5
a707,a707,p1454,abortion,0.5
a647,a796,p24485,abortion,0.2
a647,a717,p24025,abortion,0.25
a647,a717,p24022,abortion,0.25
a647,a796,p24359,abortion,0.2
a647,a717,p23906,abortion,0.25
a647,a717,p24431,abortion,0.2
a647,a717,p23867,abortion,0.25
a647,a97,p24179,abortion,0.25
a647,a717,p28901,abortion,0.4
a647,a796,p24302,abortion,0.2
a647,a86,p23961,abortion,0.25
a647,a796,p24416,abortion,0.2
a717,a835,p20926,abortion,0.333333333
a717,a370,p12922,abortion,0.2
a717,a717,p18222,abortion,0.666666667
a717,a636,p21383,abortion,0.4
a717,a636,p21491,abortion,0.4
a717,a617,p28908,abortion,0.4
a717,a647,p23885,abortion,0.25
a717,a647,p24027,abortion,0.25
a717,a717,p20598,abortion,0.75
a717,a585,p20221,abortion,0.2
a717,a647,p24023,abortion,0.25
a717,a647,p23855,abortion,0.25
a717,a899,p28890,abortion,0.4
a717,a370,p12890,abortion,0.2
a717,a835,p24018,abortion,0.25
a717,a941,p12695,abortion,0.2
a717,a717,p21001,abortion,0.333333333
a717,a717,p12781,abortion,0.2
a717,a717,p20597,abortion,0.75
a717,a636,p21488,abortion,0.4
a717,a97,p23889,abortion,0.25
a717,a370,p12854,abortion,0.2
a717,a941,p12782,abortion,0.2
a717,a811,p23890,abortion,0.25
a717,a835,p20613,abortion,0.75
a706,a843,p3778,abortion,0.5
a706,a91,p1464,abortion,0.5
a706,a843,p3612,abortion,0.5
a706,a706,p1705,abortion,0.166666667
a706,a843,p3669,abortion,0.5
a706,a706,p3539,abortion,0.5
a706,a843,p3724,abortion,0.5
a706,a521,p3709,abortion,0.5
a706,a706,p1772,abortion,0.166666667
a706,a706,p3871,abortion,0.5
a706,a843,p3691,abortion,0.5
a706,a707,p1471,abortion,0.5
a706,a843,p3876,abortion,0.5
a706,a843,p3617,abortion,0.5
a706,a843,p3595,abortion,0.5
a706,a843,p3849,abortion,0.5
a706,a706,p3722,abortion,0.5
a706,a843,p3942,abortion,0.5
a706,a843,p3532,abortion,0.5
a462,a706,p1796,abortion,0.166666667
a741,a706,p1662,abortion,0.166666667
a741,a706,p1674,abortion,0.166666667
a796,a647,p24362,abortion,0.2
a796,a647,p24498,abortion,0.2
a1013,a778,p31383,abortion,0.5
a1013,a370,p31520,abortion,0.5
a1013,a778,p31277,abortion,0.5
a215,a686,p3763,abortion,0.5
a960,a790,p31360,abortion,0.5
a1027,a706,p1839,abortion,0.166666667
a1027,a706,p1805,abortion,0.166666667
a2,a527,p15144,evolution,0.666666667
a527,a527,p15244,evolution,0.666666667
a527,a527,p15138,evolution,0.666666667
a529,a529,p15415,evolution,0.666666667
a282,a639,p78,evolution,0.75
a282,a639,p76,evolution,0.75
a282,a639,p89,evolution,0.75
a282,a639,p83,evolution,0.75
a282,a639,p73,evolution,0.75
a282,a639,p100,evolution,0.75
a545,a825,p3008,evolution,0.5
a546,a546,p8057,evolution,0.142857143
a546,a98,p14395,evolution,0.666666667
a546,a546,p8056,evolution,0.142857143
a546,a460,p14404,evolution,0.666666667
a546,a626,p7972,evolution,0.142857143
a296,a514,p13870,evolution,0.4
a296,a296,p8069,evolution,0.142857143
a296,a546,p8059,evolution,0.142857143
a296,a546,p7973,evolution,0.142857143
a296,a296,p8047,evolution,0.142857143
a296,a549,p8042,evolution,0.142857143
a296,a69,p13907,evolution,0.4
a815,a274,p9873,evolution,0.2
a825,a639,p77,evolution,0.75
a825,a639,p97,evolution,0.75
a825,a338,p2926,evolution,0.5
a825,a639,p116,evolution,0.75
a825,a639,p68,evolution,0.75
a825,a825,p2982,evolution,0.5
a403,a403,p27378,evolution,0.6
a403,a796,p25976,evolution,0.5
a56,a995,p9886,evolution,0.2
a56,a995,p9869,evolution,0.2
a251,a160,p32856,evolution,0.2
a338,a919,p2927,evolution,0.5
a338,a919,p3087,evolution,0.5
a338,a919,p2888,evolution,0.5
a338,a919,p2763,evolution,0.5
a338,a787,p2769,evolution,0.5
a338,a919,p2905,evolution,0.5
a338,a919,p2762,evolution,0.5
a338,a919,p3069,evolution,0.5
a338,a919,p2881,evolution,0.5
a338,a919,p2822,evolution,0.5
a338,a919,p2895,evolution,0.5
a338,a919,p2872,evolution,0.5
a338,a919,p2929,evolution,0.5
a338,a919,p2910,evolution,0.5
a338,a919,p3131,evolution,0.5
a338,a825,p2928,evolution,0.5
a338,a919,p2889,evolution,0.5
a338,a919,p2882,evolution,0.5
a338,a919,p3129,evolution,0.5
a338,a919,p2814,evolution,0.5
a69,a98,p14403,evolution,0.666666667
a69,a514,p13881,evolution,0.4
a69,a514,p13905,evolution,0.4
a69,a296,p13909,evolution,0.4
a876,a381,p3203,evolution,0.5
a876,a381,p3218,evolution,0.5
a876,a381,p3206,evolution,0.5
a876,a876,p3197,evolution,0.5
a876,a381,p3169,evolution,0.5
a882,a906,p15255,evolution,0.666666667
a658,a325,p23067,evolution,0.2
a658,a658,p23105,evolution,0.2
a639,a919,p6230,evolution,0.5
a120,a120,p27285,evolution,0.2
a120,a120,p27309,evolution,0.2
a120,a120,p27177,evolution,0.2
a120,a120,p27286,evolution,0.2
a381,a876,p3201,evolution,0.5
a381,a876,p3205,evolution,0.5
a381,a919,p3101,evolution,0.5
a381,a381,p3138,evolution,0.5
a381,a381,p3168,evolution,0.5
a381,a381,p2975,evolution,0.5
a381,a919,p2988,evolution,0.5
a381,a876,p3179,evolution,0.5
a381,a876,p3212,evolution,0.5
a796,a796,p25832,evolution,0.5
a796,a325,p25938,evolution,0.5
a796,a325,p25973,evolution,0.5
a325,a325,p25954,evolution,0.5
a325,a403,p25904,evolution,0.5
a325,a796,p25937,evolution,0.5
a325,a658,p23036,evolution,0.2
a325,a796,p25965,evolution,0.5
a325,a796,p25908,evolution,0.5
a325,a503,p1604,evolution,0.4
a325,a796,p25859,evolution,0.5
a919,a639,p6222,evolution,0.5
a919,a338,p2885,evolution,0.5
a919,a338,p2940,evolution,0.5
a919,a338,p2972,evolution,0.5
a919,a338,p3033,evolution,0.5
a919,a338,p2837,evolution,0.5
a919,a338,p2973,evolution,0.5
a919,a338,p2884,evolution,0.5
a919,a338,p3041,evolution,0.5
a919,a338,p2883,evolution,0.5
a919,a338,p2981,evolution,0.5
a919,a338,p2917,evolution,0.5
a919,a919,p6227,evolution,0.5
a919,a338,p2939,evolution,0.5
a919,a338,p3170,evolution,0.5
a919,a338,p2761,evolution,0.5
a919,a338,p2916,evolution,0.5
a160,a160,p32879,evolution,0.2
a725,a325,p23604,evolution,0.833333333
a995,a815,p9881,evolution,0.2
a995,a56,p9864,evolution,0.2
a460,a460,p14424,evolution,0.666666667
a514,a69,p13916,evolution,0.4
a514,a69,p13894,evolution,0.4
a4,a384,p18134,gaymarriage,0.2
a4,a384,p18139,gaymarriage,0.2
a4,a279,p18032,gaymarriage,0.2
a4,a384,p18026,gaymarriage,0.2
a4,a384,p18433,gaymarriage,0.333333333
a4,a543,p12132,gaymarriage,0.2
a4,a602,p12040,gaymarriage,0.2
a4,a384,p18440,gaymarriage,0.333333333
a4,a625,p11625,gaymarriage,0.5
a4,a384,p18100,gaymarriage,0.2
a4,a384,p18447,gaymarriage,0.333333333
a4,a4,p11560,gaymarriage,0.5
a4,a384,p18125,gaymarriage,0.2
a4,a4,p9630,gaymarriage,0.2
a4,a279,p19397,gaymarriage,0.25
a4,a602,p12136,gaymarriage,0.2
a4,a384,p18014,gaymarriage,0.2
a4,a538,p12277,gaymarriage,0.2
a4,a279,p12454,gaymarriage,0.2
a4,a602,p12449,gaymarriage,0.2
a4,a538,p12322,gaymarriage,0.2
a4,a384,p18158,gaymarriage,0.2
a4,a384,p18111,gaymarriage,0.2
a4,a384,p18162,gaymarriage,0.2
a4,a602,p12360,gaymarriage,0.2
a4,a4,p12283,gaymarriage,0.2
a4,a4,p11548,gaymarriage,0.5
a4,a4,p9631,gaymarriage,0.2
a4,a279,p19376,gaymarriage,0.25
a4,a384,p18097,gaymarriage,0.2
a4,a24,p16114,gaymarriage,0.25
a4,a24,p12598,gaymarriage,0.4
a4,a477,p12437,gaymarriage,0.2
a4,a625,p13945,gaymarriage,0.2
a538,a625,p12304,gaymarriage,0.2
a538,a279,p18488,gaymarriage,0.333333333
a538,a279,p18291,gaymarriage,0.333333333
a538,a538,p14981,gaymarriage,0.25
a538,a864,p17999,gaymarriage,0.2
a538,a602,p12239,gaymarriage,0.2
a538,a279,p18419,gaymarriage,0.333333333
a538,a24,p15796,gaymarriage,0.4
a538,a543,p15906,gaymarriage,0.2
a538,a279,p18477,gaymarriage,0.333333333
a538,a279,p19493,gaymarriage,0.25
a538,a279,p19374,gaymarriage,0.25
a538,a625,p12321,gaymarriage,0.2
a538,a279,p18303,gaymarriage,0.333333333
a538,a242,p18465,gaymarriage,0.333333333
a538,a543,p18110,gaymarriage,0.2
a538,a279,p18315,gaymarriage,0.333333333
a543,a864,p17992,gaymarriage,0.2
a543,a864,p18131,gaymarriage,0.2
a543,a864,p18003,gaymarriage,0.2
a543,a543,p31546,gaymarriage,0.333333333
a543,a24,p15931,gaymarriage,0.2
a543,a279,p18076,gaymarriage,0.2
a543,a864,p18058,gaymarriage,0.2
a543,a643,p9607,gaymarriage,0.2
a543,a864,p18088,gaymarriage,0.2
a543,a864,p17997,gaymarriage,0.2
a543,a242,p26314,gaymarriage,0.2
a543,a242,p26380,gaymarriage,0.2
a543,a279,p18037,gaymarriage,0.2
a543,a864,p18038,gaymarriage,0.2
a543,a279,p18078,gaymarriage,0.2
a864,a543,p18048,gaymarriage,0.2
a864,a543,p18166,gaymarriage,0.2
a864,a242,p18010,gaymarriage,0.2
a864,a755,p18172,gaymarriage,0.2
a864,a543,p18099,gaymarriage,0.2
a864,a543,p18077,gaymarriage,0.2
a864,a543,p18001,gaymarriage,0.2
a864,a543,p17994,gaymarriage,0.2
a893,a543,p15823,gaymarriage,0.2
a893,a242,p15873,gaymarriage,0.2
a55,a279,p18384,gaymarriage,0.333333333
a55,a242,p18363,gaymarriage,0.333333333
a55,a279,p18331,gaymarriage,0.333333333
a251,a232,p31568,gaymarriage,0.333333333
a602,a4,p12138,gaymarriage,0.2
a602,a625,p12187,gaymarriage,0.2
a602,a279,p12441,gaymarriage,0.2
a602,a4,p12134,gaymarriage,0.2
a602,a279,p12447,gaymarriage,0.2
a625,a24,p13941,gaymarriage,0.2
a625,a625,p12484,gaymarriage,0.2
a625,a602,p12468,gaymarriage,0.2
a625,a4,p13956,gaymarriage,0.2
a625,a538,p12299,gaymarriage,0.2
a625,a602,p12188,gaymarriage,0.2
a625,a4,p12183,gaymarriage,0.2
a625,a602,p12467,gaymarriage,0.2
a625,a4,p11536,gaymarriage,0.5
a625,a625,p12373,gaymarriage,0.2
a625,a543,p11535,gaymarriage,0.5
a625,a941,p13973,gaymarriage,0.2
a625,a213,p13998,gaymarriage,0.2
a643,a125,p9601,gaymarriage,0.2
a644,a644,p4972,gaymarriage,0.2
a242,a279,p18326,gaymarriage,0.333333333
a242,a242,p26551,gaymarriage,0.2
a242,a279,p23200,gaymarriage,0.666666667
a242,a384,p23287,gaymarriage,0.666666667
a242,a279,p18410,gaymarriage,0.333333333
a242,a55,p18454,gaymarriage,0.333333333
a242,a384,p18155,gaymarriage,0.2
a242,a983,p23285,gaymarriage,0.666666667
a242,a384,p18422,gaymarriage,0.333333333
a242,a4,p18376,gaymarriage,0.333333333
a242,a279,p18434,gaymarriage,0.333333333
a242,a55,p18361,gaymarriage,0.333333333
a242,a543,p26319,gaymarriage,0.2
a242,a384,p19483,gaymarriage,0.25
a242,a279,p18345,gaymarriage,0.333333333
a242,a279,p18484,gaymarriage,0.333333333
a242,a279,p23286,gaymarriage,0.666666667
a242,a279,p19406,gaymarriage,0.25
a242,a439,p25112,gaymarriage,0.666666667
a242,a279,p18431,gaymarriage,0.333333333
a242,a279,p19480,gaymarriage,0.25
a242,a55,p18373,gaymarriage,0.333333333
a242,a384,p18417,gaymarriage,0.333333333
a242,a279,p23235,gaymarriage,0.666666667
a242,a24,p15753,gaymarriage,0.4
a242,a279,p18325,gaymarriage,0.333333333
a242,a279,p18480,gaymarriage,0.333333333
a242,a4,p18159,gaymarriage,0.2
a242,a384,p18420,gaymarriage,0.333333333
a242,a279,p18368,gaymarriage,0.333333333
a242,a384,p18448,gaymarriage,0.333333333
a242,a279,p18364,gaymarriage,0.333333333
a384,a4,p18446,gaymarriage,0.333333333
a384,a4,p18119,gaymarriage,0.2
a384,a4,p18103,gaymarriage,0.2
a384,a4,p18438,gaymarriage,0.333333333
a384,a279,p18356,gaymarriage,0.333333333
a384,a242,p18319,gaymarriage,0.333333333
a384,a279,p18310,gaymarriage,0.333333333
a384,a242,p18445,gaymarriage,0.333333333
a384,a242,p18150,gaymarriage,0.2
a384,a242,p18421,gaymarriage,0.333333333
a384,a4,p18160,gaymarriage,0.2
a384,a4,p18137,gaymarriage,0.2
a384,a242,p18145,gaymarriage,0.2
a384,a279,p18307,gaymarriage,0.333333333
a384,a242,p18418,gaymarriage,0.333333333
a384,a242,p19484,gaymarriage,0.25
a384,a242,p18365,gaymarriage,0.333333333
a384,a242,p19465,gaymarriage,0.25
a384,a242,p18425,gaymarriage,0.333333333
a384,a242,p18156,gaymarriage,0.2
a24,a941,p13940,gaymarriage,0.2
a24,a625,p13949,gaymarriage,0.2
a24,a24,p15752,gaymarriage,0.4
a24,a4,p12596,gaymarriage,0.4
a24,a304,p14006,gaymarriage,0.2
a279,a4,p19463,gaymarriage,0.25
a279,a538,p18306,gaymarriage,0.333333333
a279,a755,p18336,gaymarriage,0.333333333
a279,a242,p19487,gaymarriage,0.25
a279,a242,p18486,gaymarriage,0.333333333
a279,a242,p19404,gaymarriage,0.25
a279,a55,p18435,gaymarriage,0.333333333
a279,a242,p23236,gaymarriage,0.666666667
a279,a538,p18305,gaymarriage,0.333333333
a279,a543,p18081,gaymarriage,0.2
a279,a538,p19459,gaymarriage,0.25
a279,a242,p18338,gaymarriage,0.333333333
a279,a242,p18473,gaymarriage,0.333333333
a279,a242,p18458,gaymarriage,0.333333333
a279,a242,p19380,gaymarriage,0.25
a279,a242,p19377,gaymarriage,0.25
a279,a755,p18357,gaymarriage,0.333333333
a279,a242,p23197,gaymarriage,0.666666667
a279,a543,p18052,gaymarriage,0.2
a279,a242,p26526,gaymarriage,0.2
a279,a242,p18332,gaymarriage,0.333333333
a279,a384,p18308,gaymarriage,0.333333333
a279,a242,p26290,gaymarriage,0.2
a279,a279,p18283,gaymarriage,0.333333333
a279,a384,p18397,gaymarriage,0.333333333
a279,a4,p18034,gaymarriage,0.2
a279,a538,p18282,gaymarriage,0.333333333
a279,a279,p18339,gaymarriage,0.333333333
a279,a242,p18312,gaymarriage,0.333333333
a279,a242,p18348,gaymarriage,0.333333333
a279,a242,p18164,gaymarriage,0.2
a279,a4,p19460,gaymarriage,0.25
a279,a242,p23306,gaymarriage,0.666666667
a279,a242,p18474,gaymarriage,0.333333333
a279,a242,p22683,gaymarriage,0.5
a279,a625,p12472,gaymarriage,0.2
a279,a279,p18292,gaymarriage,0.333333333
a279,a4,p18143,gaymarriage,0.2
a279,a242,p18391,gaymarriage,0.333333333
a279,a4,p18025,gaymarriage,0.2
a941,a625,p13937,gaymarriage,0.2
a954,a384,p19466,gaymarriage,0.25
a954,a864,p17996,gaymarriage,0.2
a983,a279,p23261,gaymarriage,0.666666667
a439,a543,p25419,gaymarriage,0.666666667
a647,a242,p25432,gaymarriage,0.666666667
a718,a242,p18062,gaymarriage,0.2
a463,a859,p5028,gaymarriage,0.6
a463,a864,p5033,gaymarriage,0.6
a728,a543,p31564,gaymarriage,0.333333333
a1000,a24,p13951,gaymarriage,0.2
a232,a242,p31565,gaymarriage,0.333333333
a755,a279,p18406,gaymarriage,0.333333333
a755,a279,p18337,gaymarriage,0.333333333
a755,a864,p18167,gaymarriage,0.2
a316,a384,p19491,gaymarriage,0.25
a316,a242,p19414,gaymarriage,0.25
a859,a463,p5054,gaymarriage,0.6
a772,a859,p5020,gaymarriage,0.6
a774,a823,p27606,guncontrol,0.5
a774,a774,p27564,guncontrol,0.5
a774,a46,p27570,guncontrol,0.5
a774,a46,p27650,guncontrol,0.5
a774,a122,p27589,guncontrol,0.5
a4,a274,p10238,guncontrol,0.25
a4,a823,p10166,guncontrol,0.25
a780,a823,p3351,guncontrol,0.2
a780,a982,p8443,guncontrol,0.333333333
a780,a823,p8444,guncontrol,0.333333333
a780,a982,p8312,guncontrol,0.333333333
a780,a864,p8284,guncontrol,0.6
a780,a852,p3384,guncontrol,0.8
a780,a151,p3395,guncontrol,0.8
a780,a823,p6317,guncontrol,0.333333333
a780,a982,p8385,guncontrol,0.333333333
a780,a982,p8388,guncontrol,0.333333333
a780,a151,p3407,guncontrol,0.8
a780,a615,p3342,guncontrol,0.2
a780,a558,p9052,guncontrol,0.666666667
a780,a103,p3330,guncontrol,0.2
a780,a982,p3419,guncontrol,0.8
a780,a151,p3421,guncontrol,0.8
a780,a982,p8302,guncontrol,0.6
a780,a852,p3410,guncontrol,0.8
a780,a982,p3343,guncontrol,0.2
a780,a982,p3363,guncontrol,0.2
a780,a370,p8287,guncontrol,0.6
a780,a982,p8303,guncontrol,0.333333333
a780,a982,p3420,guncontrol,0.8
a780,a982,p8394,guncontrol,0.333333333
a780,a982,p8379,guncontrol,0.333333333
a780,a982,p3431,guncontrol,0.8
a780,a982,p8331,guncontrol,0.333333333
a780,a982,p3435,guncontrol,0.8
a780,a823,p6329,guncontrol,0.333333333
a780,a982,p3377,guncontrol,0.2
a780,a823,p2135,guncontrol,0.75
a780,a982,p8311,guncontrol,0.333333333
a993,a878,p22448,guncontrol,0.333333333
a790,a478,p22470,guncontrol,0.333333333
a790,a478,p22466,guncontrol,0.333333333
a27,a475,p21091,guncontrol,0.333333333
a217,a899,p30877,guncontrol,0.25
a217,a251,p30930,guncontrol,0.25
a558,a780,p9054,guncontrol,0.666666667
a823,a333,p9037,guncontrol,0.666666667
a823,a615,p5709,guncontrol,0.25
a823,a46,p27670,guncontrol,0.5
a823,a753,p2133,guncontrol,0.75
a823,a835,p9069,guncontrol,0.666666667
a823,a56,p9020,guncontrol,0.666666667
a823,a866,p9747,guncontrol,0.2
a823,a678,p8459,guncontrol,0.333333333
a823,a982,p3346,guncontrol,0.2
a823,a615,p5700,guncontrol,0.25
a823,a835,p13029,guncontrol,0.2
a823,a774,p27629,guncontrol,0.5
a823,a46,p27667,guncontrol,0.5
a823,a835,p9016,guncontrol,0.666666667
a823,a823,p2179,guncontrol,0.75
a823,a982,p8397,guncontrol,0.333333333
a823,a866,p9792,guncontrol,0.2
a823,a866,p9755,guncontrol,0.2
a823,a982,p8403,guncontrol,0.333333333
a823,a780,p6334,guncontrol,0.333333333
a823,a615,p3327,guncontrol,0.2
a823,a475,p10178,guncontrol,0.25
a823,a982,p3361,guncontrol,0.2
a823,a615,p5637,guncontrol,0.25
a823,a866,p9767,guncontrol,0.2
a823,a835,p9011,guncontrol,0.666666667
a823,a615,p5650,guncontrol,0.25
a823,a333,p9066,guncontrol,0.666666667
a823,a835,p13037,guncontrol,0.2
a823,a753,p2171,guncontrol,0.75
a823,a982,p8343,guncontrol,0.333333333
a823,a780,p6322,guncontrol,0.333333333
a823,a866,p9788,guncontrol,0.2
a823,a753,p2125,guncontrol,0.75
a823,a866,p9802,guncontrol,0.2
a823,a615,p5731,guncontrol,0.25
a823,a780,p5241,guncontrol,0.6
a823,a475,p10224,guncontrol,0.25
a823,a780,p3352,guncontrol,0.2
a823,a866,p9797,guncontrol,0.2
a823,a982,p8358,guncontrol,0.333333333
a823,a982,p8334,guncontrol,0.333333333
a823,a4,p10171,guncontrol,0.25
a823,a46,p27545,guncontrol,0.5
a823,a594,p8277,guncontrol,0.6
a823,a982,p8462,guncontrol,0.333333333
a563,a982,p3366,guncontrol,0.2
a41,a780,p13026,guncontrol,0.2
a41,a333,p13030,guncontrol,0.2
a46,a122,p27678,guncontrol,0.5
a46,a774,p27631,guncontrol,0.5
a46,a46,p27884,guncontrol,0.2
a46,a475,p27665,guncontrol,0.5
a46,a475,p27660,guncontrol,0.5
a46,a774,p27565,guncontrol,0.5
a46,a475,p27658,guncontrol,0.5
a46,a475,p27663,guncontrol,0.5
a46,a823,p27668,guncontrol,0.5
a46,a774,p27652,guncontrol,0.5
a46,a774,p27572,guncontrol,0.5
a46,a475,p27870,guncontrol,0.2
a46,a823,p27865,guncontrol,0.2
a842,a56,p9041,guncontrol,0.666666667
a403,a46,p27651,guncontrol,0.5
a56,a107,p9040,guncontrol,0.666666667
a583,a165,p27697,guncontrol,0.5
a583,a583,p27569,guncontrol,0.5
a583,a728,p27591,guncontrol,0.5
a583,a165,p27557,guncontrol,0.5
a852,a780,p5262,guncontrol,0.6
a852,a151,p3432,guncontrol,0.8
a333,a107,p19501,guncontrol,0.8
a333,a823,p9057,guncontrol,0.666666667
a333,a878,p22479,guncontrol,0.333333333
a333,a866,p9790,guncontrol,0.2
a333,a41,p13034,guncontrol,0.2
a333,a866,p9803,guncontrol,0.2
a333,a823,p9800,guncontrol,0.2
a333,a56,p9033,guncontrol,0.666666667
a333,a823,p9055,guncontrol,0.666666667
a333,a835,p17667,guncontrol,0.4
a835,a823,p9056,guncontrol,0.666666667
a835,a823,p9062,guncontrol,0.666666667
a835,a41,p13012,guncontrol,0.2
a835,a475,p10170,guncontrol,0.25
a835,a823,p9023,guncontrol,0.666666667
a835,a823,p13028,guncontrol,0.2
a866,a494,p9744,guncontrol,0.2
a866,a823,p9786,guncontrol,0.2
a866,a866,p9791,guncontrol,0.2
a866,a823,p9766,guncontrol,0.2
a866,a333,p9773,guncontrol,0.2
a866,a866,p9760,guncontrol,0.2
a866,a866,p9759,guncontrol,0.2
a866,a823,p9753,guncontrol,0.2
a866,a494,p9794,guncontrol,0.2
a866,a866,p9778,guncontrol,0.2
a866,a823,p9772,guncontrol,0.2
a866,a823,p9784,guncontrol,0.2
a615,a563,p3375,guncontrol,0.2
a615,a823,p5639,guncontrol,0.25
a615,a780,p5243,guncontrol,0.6
a615,a823,p3370,guncontrol,0.2
a615,a823,p5747,guncontrol,0.25
a615,a823,p5721,guncontrol,0.25
a103,a982,p3326,guncontrol,0.2
a107,a56,p9039,guncontrol,0.666666667
a107,a107,p634,guncontrol,0.25
a107,a56,p9049,guncontrol,0.666666667
a107,a165,p27550,guncontrol,0.5
a107,a107,p642,guncontrol,0.25
a899,a899,p30914,guncontrol,0.25
a899,a217,p30862,guncontrol,0.25
a899,a217,p30919,guncontrol,0.25
a122,a46,p27692,guncontrol,0.5
a325,a728,p27584,guncontrol,0.5
a151,a780,p3385,guncontrol,0.8
a151,a780,p3449,guncontrol,0.8
a678,a823,p8468,guncontrol,0.333333333
a678,a678,p8466,guncontrol,0.333333333
a370,a4,p10205,guncontrol,0.25
a370,a780,p8285,guncontrol,0.6
a165,a165,p27700,guncontrol,0.5
a165,a583,p27701,guncontrol,0.5
a165,a165,p27699,guncontrol,0.5
a165,a728,p27610,guncontrol,0.5
a594,a982,p8276,guncontrol,0.6
a594,a823,p8278,guncontrol,0.6
a109,a852,p5228,guncontrol,0.6
a187,a982,p2176,guncontrol,0.75
a478,a333,p22486,guncontrol,0.333333333
a478,a790,p22457,guncontrol,0.333333333
a478,a790,p22467,guncontrol,0.333333333
a478,a478,p22463,guncontrol,0.333333333
a982,a780,p3335,guncontrol,0.2
a982,a780,p8353,guncontrol,0.333333333
a982,a780,p8383,guncontrol,0.333333333
a982,a780,p8387,guncontrol,0.333333333
a982,a151,p3415,guncontrol,0.8
a982,a780,p3425,guncontrol,0.8
a982,a823,p8377,guncontrol,0.333333333
a982,a823,p8461,guncontrol,0.333333333
a982,a823,p8354,guncontrol,0.333333333
a982,a780,p3372,guncontrol,0.2
a982,a823,p8310,guncontrol,0.333333333
a982,a780,p8431,guncontrol,0.333333333
a982,a823,p2114,guncontrol,0.75
a982,a780,p3433,guncontrol,0.8
a982,a823,p8392,guncontrol,0.333333333
a982,a780,p3369,guncontrol,0.2
a982,a780,p8308,guncontrol,0.333333333
a982,a864,p8297,guncontrol,0.6
a982,a780,p8460,guncontrol,0.333333333
a728,a823,p27579,guncontrol,0.5
a475,a46,p27662,guncontrol,0.5
a475,a553,p10182,guncontrol,0.25
a475,a46,p27659,guncontrol,0.5
a475,a475,p27656,guncontrol,0.5
a475,a823,p27642,guncontrol,0.5
a475,a823,p10223,guncontrol,0.25
a475,a46,p27664,guncontrol,0.5
a475,a403,p30921,guncontrol,0.25
a475,a46,p27859,guncontrol,0.2
a753,a823,p2168,guncontrol,0.75
a753,a753,p2150,guncontrol,0.75
a753,a823,p2172,guncontrol,0.75
a753,a823,p2097,guncontrol,0.75
a753,a823,p2147,guncontrol,0.75
a753,a823,p2136,guncontrol,0.75
a755,a122,p27892,guncontrol,0.2
a494,a866,p9764,guncontrol,0.2
a494,a866,p9735,guncontrol,0.2
a494,a866,p9737,guncontrol,0.2
a422,a780,p2420,guncontrol,0.4
a422,a982,p2100,guncontrol,0.75
a1030,a835,p10200,guncontrol,0.25
a318,a843,p4595,deathpenalty,0.8
a318,a842,p4591,deathpenalty,0.8
a24,a678,p5577,deathpenalty,0.2
a104,a420,p8623,deathpenalty,0.333333333
a842,a843,p4554,deathpenalty,0.8
a843,a842,p4573,deathpenalty,0.8
