a366,a424,abortion
a366,a384,abortion
a366,a279,abortion
a366,a86,abortion
a366,a232,abortion
a366,a420,abortion
a366,a647,abortion
a936,a279,abortion
a936,a114,abortion
a825,a235,abortion
a761,a955,abortion
a384,a758,abortion
a384,a717,abortion
a384,a972,abortion
a384,a366,abortion
a384,a1013,abortion
a261,a681,abortion
a928,a167,abortion
a928,a853,abortion
a928,a338,abortion
a955,a717,abortion
a955,a812,abortion
a955,a852,abortion
a955,a955,abortion
a955,a853,abortion
a955,a167,abortion
a955,a761,abortion
a509,a370,abortion
a509,a47,abortion
a509,a717,abortion
a509,a251,abortion
a509,a165,abortion
a509,a254,abortion
a509,a242,abortion
a509,a822,abortion
a717,a56,abortion
a717,a717,abortion
a717,a972,abortion
a717,a135,abortion
a717,a603,abortion
a717,a384,abortion
a717,a279,abortion
a717,a811,abortion
a717,a876,abortion
a717,a936,abortion
a717,a97,abortion
a717,a812,abortion
a717,a813,abortion
a717,a751,abortion
a717,a165,abortion
a717,a822,abortion
a717,a420,abortion
a717,a823,abortion
a717,a950,abortion
a717,a424,abortion
a717,a47,abortion
a717,a835,abortion
a717,a955,abortion
a717,a509,abortion
a717,a647,abortion
a424,a424,abortion
a424,a366,abortion
a424,a647,abortion
a424,a717,abortion
a424,a279,abortion
a424,a370,abortion
a424,a972,abortion
a424,a624,abortion
a424,a695,abortion
a813,a243,abortion
a813,a831,abortion
a135,a952,abortion
a135,a243,abortion
a135,a717,abortion
a135,a695,abortion
a135,a603,abortion
a433,a542,abortion
a932,a614,abortion
a197,a155,abortion
a663,a370,abortion
a663,a663,abortion
a663,a496,abortion
a663,a717,abortion
a663,a955,abortion
a663,a647,abortion
a663,a1013,abortion
a876,a825,abortion
a876,a243,abortion
a876,a717,abortion
a876,a279,abortion
a876,a695,abortion
a876,a603,abortion
a543,a758,abortion
a543,a663,abortion
a543,a468,abortion
a543,a279,abortion
a603,a717,abortion
a603,a279,abortion
a603,a135,abortion
a603,a804,abortion
a603,a876,abortion
a624,a366,abortion
a624,a835,abortion
a624,a647,abortion
a624,a717,abortion
a790,a663,abortion
a790,a279,abortion
a790,a496,abortion
a790,a254,abortion
a790,a1013,abortion
a114,a936,abortion
a114,a631,abortion
a647,a424,abortion
a647,a663,abortion
a647,a383,abortion
a647,a97,abortion
a647,a279,abortion
a647,a47,abortion
a647,a717,abortion
a647,a556,abortion
a647,a955,abortion
a647,a86,abortion
a647,a624,abortion
a647,a165,abortion
a647,a972,abortion
a647,a695,abortion
a647,a366,abortion
a647,a365,abortion
a570,a972,abortion
a416,a69,abortion
a251,a47,abortion
a251,a251,abortion
a118,a717,abortion
a496,a663,abortion
a822,a165,abortion
a822,a717,abortion
a822,a509,abortion
a897,a69,abortion
a897,a279,abortion
a54,a852,abortion
a167,a54,abortion
a167,a955,abortion
a167,a928,abortion
a508,a242,abortion
a508,a508,abortion
a508,a279,abortion
a47,a165,abortion
a47,a69,abortion
a47,a822,abortion
a47,a251,abortion
a954,a681,abortion
a954,a366,abortion
a254,a969,abortion
a254,a279,abortion
a254,a496,abortion
a254,a509,abortion
a254,a254,abortion
a254,a695,abortion
a420,a370,abortion
a420,a717,abortion
a420,a365,abortion
a420,a167,abortion
a420,a366,abortion
a793,a424,abortion
a274,a681,abortion
a274,a495,abortion
a243,a912,abortion
a243,a695,abortion
a243,a876,abortion
a243,a135,abortion
a243,a717,abortion
a211,a954,abortion
a211,a885,abortion
a969,a508,abortion
a969,a279,abortion
a969,a509,abortion
a969,a254,abortion
a969,a695,abortion
a969,a242,abortion
a969,a1013,abortion
a24,a211,abortion
a24,a885,abortion
a24,a681,abortion
a24,a274,abortion
a1013,a758,abortion
a1013,a370,abortion
a1013,a663,abortion
a1013,a384,abortion
a1013,a969,abortion
a1013,a251,abortion
a1013,a1013,abortion
a1013,a468,abortion
a1013,a279,abortion
a1013,a496,abortion
a1013,a790,abortion
a1013,a242,abortion
a1013,a543,abortion
a974,a631,abortion
a804,a274,abortion
a632,a717,abortion
a632,a972,abortion
a299,a299,abortion
a299,a365,abortion
a299,a424,abortion
a299,a952,abortion
a799,a91,abortion
a880,a647,abortion
a640,a424,abortion
a614,a853,abortion
a383,a717,abortion
a383,a647,abortion
a97,a279,abortion
a97,a793,abortion
a972,a424,abortion
a972,a632,abortion
a972,a383,abortion
a972,a384,abortion
a972,a647,abortion
a972,a585,abortion
a972,a97,abortion
a972,a583,abortion
a972,a370,abortion
a972,a811,abortion
a972,a663,abortion
a972,a86,abortion
a972,a365,abortion
a912,a876,abortion
a912,a243,abortion
a853,a955,abortion
a69,a681,abortion
a69,a974,abortion
a69,a279,abortion
a69,a885,abortion
a69,a24,abortion
a65,a424,abortion
a950,a279,abortion
a950,a631,abortion
a239,a97,abortion
a279,a717,abortion
a279,a790,abortion
a279,a603,abortion
a279,a69,abortion
a279,a755,abortion
a279,a468,abortion
a279,a823,abortion
a279,a695,abortion
a279,a543,abortion
a279,a114,abortion
a279,a936,abortion
a279,a681,abortion
a279,a950,abortion
a279,a812,abortion
a279,a624,abortion
a279,a366,abortion
a279,a1013,abortion
a279,a758,abortion
a279,a370,abortion
a279,a242,abortion
a279,a509,abortion
a279,a647,abortion
a86,a424,abortion
a338,a91,abortion
a338,a525,abortion
a495,a717,abortion
a495,a955,abortion
a495,a274,abortion
a681,a897,abortion
a835,a624,abortion
a835,a279,abortion
a835,a695,abortion
a370,a424,abortion
a370,a663,abortion
a370,a47,abortion
a370,a279,abortion
a370,a135,abortion
a370,a365,abortion
a370,a695,abortion
a370,a254,abortion
a426,a631,abortion
a556,a952,abortion
a542,a811,abortion
a542,a663,abortion
a155,a681,abortion
a952,a876,abortion
a952,a243,abortion
a952,a365,abortion
a952,a135,abortion
a952,a585,abortion
a525,a932,abortion
a231,a165,abortion
a583,a299,abortion
a583,a972,abortion
a165,a370,abortion
a165,a647,abortion
a165,a717,abortion
a165,a231,abortion
a165,a509,abortion
a165,a165,abortion
a165,a822,abortion
a468,a496,abortion
a468,a279,abortion
a544,a751,abortion
a695,a424,abortion
a695,a876,abortion
a695,a543,abortion
a695,a717,abortion
a695,a835,abortion
a695,a370,abortion
a695,a135,abortion
a695,a790,abortion
a695,a254,abortion
a755,a804,abortion
a755,a681,abortion
a885,a755,abortion
a885,a24,abortion
a811,a424,abortion
a235,a928,abortion
a232,a420,abortion
a242,a254,abortion
a242,a279,abortion
a242,a969,abortion
a820,a365,abortion
a725,a663,abortion
a852,a54,abortion
a852,a955,abortion
a852,a167,abortion
a812,a950,abortion
a812,a955,abortion
a812,a118,abortion
a812,a717,abortion
a751,a135,abortion
a758,a758,abortion
a758,a370,abortion
a758,a94,abortion
a758,a384,abortion
a758,a543,abortion
a758,a279,abortion
a758,a790,abortion
a758,a242,abortion
a758,a1013,abortion
a902,a165,abortion
a365,a370,abortion
a365,a952,abortion
a365,a647,abortion
a365,a556,abortion
a365,a955,abortion
a365,a972,abortion
a365,a992,abortion
a365,a299,abortion
a365,a365,abortion
a365,a420,abortion
a365,a820,abortion
a365,a640,abortion
a992,a365,abortion
a992,a239,abortion
a823,a717,abortion
a56,a955,abortion
a6,a342,evolution
a40,a420,evolution
a893,a864,evolution
a721,a6,evolution
a771,a909,evolution
a1005,a909,evolution
a980,a62,evolution
a343,a823,evolution
a342,a500,evolution
a342,a70,evolution
a342,a617,evolution
a197,a500,evolution
a197,a69,evolution
a197,a406,evolution
a197,a771,evolution
a197,a909,evolution
a500,a370,evolution
a140,a274,evolution
a770,a406,evolution
a230,a343,evolution
a230,a70,evolution
a230,a406,evolution
a230,a823,evolution
a230,a256,evolution
a4,a260,evolution
a4,a815,evolution
a420,a56,evolution
a420,a274,evolution
a420,a815,evolution
a2,a123,evolution
a2,a617,evolution
a461,a461,evolution
a461,a893,evolution
a461,a642,evolution
a274,a406,evolution
a274,a678,evolution
a70,a342,evolution
a909,a241,evolution
a909,a864,evolution
a909,a486,evolution
a909,a771,evolution
a260,a274,evolution
a899,a980,evolution
a899,a617,evolution
a899,a342,evolution
a69,a642,evolution
a62,a2,evolution
a62,a120,evolution
a406,a950,evolution
a406,a343,evolution
a406,a4,evolution
a406,a823,evolution
a406,a197,evolution
a406,a815,evolution
a406,a770,evolution
a406,a256,evolution
a57,a343,evolution
a815,a4,evolution
a815,a406,evolution
a815,a274,evolution
a835,a950,evolution
a370,a835,evolution
a370,a256,evolution
a370,a57,evolution
a123,a120,evolution
a123,a186,evolution
a123,a617,evolution
a123,a2,evolution
a123,a123,evolution
a123,a899,evolution
a123,a695,evolution
a186,a123,evolution
a186,a617,evolution
a864,a256,evolution
a864,a909,evolution
a224,a56,evolution
a165,a617,evolution
a241,a909,evolution
a642,a461,evolution
a642,a864,evolution
a695,a123,evolution
a25,a406,evolution
a120,a695,evolution
a120,a617,evolution
a678,a995,evolution
a678,a274,evolution
a921,a835,evolution
a921,a437,evolution
a995,a56,evolution
a995,a815,evolution
a617,a120,evolution
a617,a617,evolution
a617,a123,evolution
a617,a62,evolution
a617,a899,evolution
a617,a186,evolution
a823,a921,evolution
a823,a343,evolution
a823,a230,evolution
a823,a406,evolution
a823,a823,evolution
a486,a909,evolution
a486,a342,evolution
a56,a420,evolution
a56,a995,evolution
a56,a224,evolution
a366,a519,gaymarriage
a634,a634,gaymarriage
a634,a239,gaymarriage
a634,a420,gaymarriage
a634,a585,gaymarriage
a634,a346,gaymarriage
a634,a279,gaymarriage
a634,a855,gaymarriage
a634,a736,gaymarriage
a634,a695,gaymarriage
a634,a543,gaymarriage
a855,a634,gaymarriage
a855,a238,gaymarriage
a855,a230,gaymarriage
a855,a912,gaymarriage
a855,a972,gaymarriage
a855,a855,gaymarriage
a855,a736,gaymarriage
a855,a543,gaymarriage
a855,a793,gaymarriage
a384,a397,gaymarriage
a384,a342,gaymarriage
a384,a4,gaymarriage
a384,a346,gaymarriage
a384,a556,gaymarriage
a384,a253,gaymarriage
a384,a242,gaymarriage
a384,a328,gaymarriage
a512,a444,gaymarriage
a712,a397,gaymarriage
a986,a108,gaymarriage
a986,a358,gaymarriage
a342,a384,gaymarriage
a342,a420,gaymarriage
a342,a20,gaymarriage
a300,a634,gaymarriage
a20,a242,gaymarriage
a20,a543,gaymarriage
a20,a20,gaymarriage
a197,a839,gaymarriage
a543,a397,gaymarriage
a543,a325,gaymarriage
a543,a864,gaymarriage
a543,a279,gaymarriage
a543,a855,gaymarriage
a543,a20,gaymarriage
a543,a420,gaymarriage
a543,a632,gaymarriage
a253,a384,gaymarriage
a253,a4,gaymarriage
a253,a755,gaymarriage
a624,a613,gaymarriage
a624,a84,gaymarriage
a624,a864,gaymarriage
a624,a185,gaymarriage
a624,a958,gaymarriage
a624,a624,gaymarriage
a647,a242,gaymarriage
a217,a493,gaymarriage
a230,a855,gaymarriage
a444,a617,gaymarriage
a444,a239,gaymarriage
a444,a632,gaymarriage
a444,a556,gaymarriage
a444,a972,gaymarriage
a881,a185,gaymarriage
a881,a864,gaymarriage
a185,a624,gaymarriage
a185,a613,gaymarriage
a185,a839,gaymarriage
a298,a242,gaymarriage
a493,a634,gaymarriage
a625,a497,gaymarriage
a625,a358,gaymarriage
a868,a444,gaymarriage
a868,a556,gaymarriage
a807,a239,gaymarriage
a807,a279,gaymarriage
a807,a855,gaymarriage
a691,a613,gaymarriage
a954,a864,gaymarriage
a4,a397,gaymarriage
a4,a24,gaymarriage
a4,a384,gaymarriage
a4,a279,gaymarriage
a4,a316,gaymarriage
a4,a253,gaymarriage
a4,a857,gaymarriage
a4,a756,gaymarriage
a420,a736,gaymarriage
a420,a634,gaymarriage
a793,a855,gaymarriage
a552,a775,gaymarriage
a552,a300,gaymarriage
a328,a384,gaymarriage
a328,a242,gaymarriage
a24,a4,gaymarriage
a497,a486,gaymarriage
a497,a497,gaymarriage
a497,a4,gaymarriage
a497,a512,gaymarriage
a497,a139,gaymarriage
a497,a556,gaymarriage
a497,a108,gaymarriage
a497,a625,gaymarriage
a497,a972,gaymarriage
a497,a439,gaymarriage
a497,a857,gaymarriage
a497,a242,gaymarriage
a497,a538,gaymarriage
a615,a864,gaymarriage
a632,a325,gaymarriage
a632,a556,gaymarriage
a632,a855,gaymarriage
a632,a439,gaymarriage
a632,a543,gaymarriage
a299,a585,gaymarriage
a972,a695,gaymarriage
a972,a634,gaymarriage
a972,a239,gaymarriage
a972,a632,gaymarriage
a972,a585,gaymarriage
a972,a556,gaymarriage
a972,a855,gaymarriage
a972,a420,gaymarriage
a972,a543,gaymarriage
a912,a983,gaymarriage
a912,a238,gaymarriage
a340,a325,gaymarriage
a340,a807,gaymarriage
a340,a556,gaymarriage
a340,a242,gaymarriage
a358,a625,gaymarriage
a358,a316,gaymarriage
a203,a108,gaymarriage
a775,a855,gaymarriage
a857,a497,gaymarriage
a397,a397,gaymarriage
a397,a712,gaymarriage
a397,a384,gaymarriage
a397,a4,gaymarriage
a397,a279,gaymarriage
a397,a864,gaymarriage
a397,a20,gaymarriage
a397,a253,gaymarriage
a69,a108,gaymarriage
a69,a358,gaymarriage
a69,a24,gaymarriage
a950,a69,gaymarriage
a239,a444,gaymarriage
a239,a325,gaymarriage
a239,a807,gaymarriage
a239,a346,gaymarriage
a239,a556,gaymarriage
a239,a972,gaymarriage
a239,a242,gaymarriage
a239,a793,gaymarriage
a958,a185,gaymarriage
a958,a864,gaymarriage
a279,a634,gaymarriage
a279,a807,gaymarriage
a279,a4,gaymarriage
a279,a346,gaymarriage
a279,a695,gaymarriage
a279,a242,gaymarriage
a279,a543,gaymarriage
a357,a736,gaymarriage
a157,a556,gaymarriage
a756,a4,gaymarriage
a370,a585,gaymarriage
a736,a634,gaymarriage
a736,a239,gaymarriage
a736,a238,gaymarriage
a736,a855,gaymarriage
a736,a357,gaymarriage
a736,a439,gaymarriage
a736,a736,gaymarriage
a736,a420,gaymarriage
a556,a325,gaymarriage
a556,a384,gaymarriage
a556,a972,gaymarriage
a556,a340,gaymarriage
a556,a868,gaymarriage
a556,a695,gaymarriage
a556,a543,gaymarriage
a556,a807,gaymarriage
a556,a157,gaymarriage
a556,a556,gaymarriage
a556,a232,gaymarriage
a556,a632,gaymarriage
a556,a497,gaymarriage
a556,a239,gaymarriage
a556,a439,gaymarriage
a556,a242,gaymarriage
a710,a518,gaymarriage
a325,a239,gaymarriage
a325,a632,gaymarriage
a325,a556,gaymarriage
a325,a855,gaymarriage
a325,a232,gaymarriage
a538,a864,gaymarriage
a538,a543,gaymarriage
a864,a397,gaymarriage
a864,a755,gaymarriage
a864,a108,gaymarriage
a864,a197,gaymarriage
a864,a881,gaymarriage
a864,a958,gaymarriage
a864,a624,gaymarriage
a864,a242,gaymarriage
a864,a543,gaymarriage
a346,a242,gaymarriage
a346,a279,gaymarriage
a346,a239,gaymarriage
a346,a983,gaymarriage
a139,a139,gaymarriage
a84,a185,gaymarriage
a84,a624,gaymarriage
a439,a632,gaymarriage
a439,a556,gaymarriage
a439,a736,gaymarriage
a439,a543,gaymarriage
a108,a24,gaymarriage
a108,a384,gaymarriage
a108,a4,gaymarriage
a108,a864,gaymarriage
a108,a108,gaymarriage
a108,a279,gaymarriage
a108,a756,gaymarriage
a108,a203,gaymarriage
a695,a634,gaymarriage
a695,a239,gaymarriage
a695,a585,gaymarriage
a695,a279,gaymarriage
a755,a864,gaymarriage
a193,a756,gaymarriage
a316,a370,gaymarriage
a316,a4,gaymarriage
a316,a358,gaymarriage
a316,a625,gaymarriage
a232,a667,gaymarriage
a232,a972,gaymarriage
a232,a543,gaymarriage
a232,a232,gaymarriage
a613,a185,gaymarriage
a613,a839,gaymarriage
a613,a624,gaymarriage
a242,a397,gaymarriage
a242,a518,gaymarriage
a242,a239,gaymarriage
a242,a342,gaymarriage
a242,a807,gaymarriage
a242,a384,gaymarriage
a242,a4,gaymarriage
a242,a556,gaymarriage
a242,a279,gaymarriage
a242,a983,gaymarriage
a242,a20,gaymarriage
a242,a439,gaymarriage
a242,a299,gaymarriage
a242,a328,gaymarriage
a430,a420,gaymarriage
a519,a613,gaymarriage
a519,a366,gaymarriage
a839,a613,gaymarriage
a839,a691,gaymarriage
a201,a238,gaymarriage
a518,a538,gaymarriage
a518,a242,gaymarriage
a617,a444,gaymarriage
a617,a384,gaymarriage
a486,a108,gaymarriage
a486,a24,gaymarriage
a983,a279,gaymarriage
a983,a346,gaymarriage
a366,a823,guncontrol
a825,a780,guncontrol
a205,a982,guncontrol
a205,a205,guncontrol
a205,a780,guncontrol
a577,a780,guncontrol
a125,a982,guncontrol
a125,a291,guncontrol
a125,a472,guncontrol
a125,a279,guncontrol
a125,a765,guncontrol
a125,a31,guncontrol
a125,a624,guncontrol
a125,a823,guncontrol
a125,a339,guncontrol
a780,a205,guncontrol
a780,a825,guncontrol
a780,a982,guncontrol
a780,a417,guncontrol
a780,a823,guncontrol
a276,a39,guncontrol
a624,a366,guncontrol
a291,a982,guncontrol
a118,a125,guncontrol
a374,a359,guncontrol
a31,a125,guncontrol
a472,a291,guncontrol
a359,a823,guncontrol
a259,a103,guncontrol
a684,a982,guncontrol
a684,a39,guncontrol
a684,a276,guncontrol
a279,a239,guncontrol
a103,a982,guncontrol
a103,a823,guncontrol
a546,a118,guncontrol
a546,a224,guncontrol
a417,a780,guncontrol
a835,a276,guncontrol
a224,a546,guncontrol
a940,a276,guncontrol
a940,a940,guncontrol
a339,a982,guncontrol
a248,a546,guncontrol
a982,a205,guncontrol
a982,a982,guncontrol
a982,a577,guncontrol
a982,a780,guncontrol
a982,a103,guncontrol
a982,a823,guncontrol
a823,a359,guncontrol
a823,a125,guncontrol
a823,a982,guncontrol
a823,a684,guncontrol
a823,a780,guncontrol
a823,a366,guncontrol
