a855,a855,gaymarriage,0.666666667
a617,a556,gaymarriage,0.25
a108,a279,gaymarriage,0.2
a1025,a639,guncontrol,0.25
a70,a69,evolution,0.666666667
a186,a556,existenceofGod,0.4
a601,a205,guncontrol,0.4
a647,a365,abortion,0.25
a406,a796,evolution,0.5
a211,a497,gaymarriage,0.2
a357,a736,gaymarriage,0.666666667
a505,a261,deathpenalty,0.166666667
a230,a960,evolution,0.6
a972,a796,abortion,0.2
a899,a370,evolution,0.666666667
a165,a569,existenceofGod,0.2
a107,a37,guncontrol,0.8
a383,a647,abortion,0.25
a835,a279,gaymarriage,0.333333333
a625,a543,gaymarriage,0.5
a197,a69,gaymarriage,0.2
a381,a859,evolution,0.5
a543,a242,gaymarriage,0.2
a279,a543,gaymarriage,0.2
a4,a625,gaymarriage,0.2
a852,a852,communismvscapitalism,0.8
a615,a780,guncontrol,0.6
a230,a370,existenceofGod,0.166666667
a583,a583,guncontrol,0.5
a546,a790,existenceofGod,0.5
a695,a950,existenceofGod,0.5
a420,a232,existenceofGod,0.4
a308,a205,guncontrol,0.8
a4,a602,gaymarriage,0.2
a909,a486,evolution,0.2
a695,a585,gaymarriage,0.4
a197,a486,evolution,0.666666667
a285,a125,climatechange,0.2
a243,a972,abortion,0.5
a749,a268,guncontrol,0.666666667
a342,a406,evolution,0.4
a390,a615,guncontrol,0.4
a972,a279,abortion,0.2
a879,a639,guncontrol,0.25
a832,a707,evolution,0.4
a217,a899,guncontrol,0.25
a695,a855,abortion,0.2
a569,a58,existenceofGod,0.4
a613,a472,guncontrol,0.4
a876,a825,abortion,0.5
a69,a108,gaymarriage,0.4
a864,a543,gaymarriage,0.2
a230,a486,evolution,0.666666667
a58,a695,gaymarriage,0.25
a982,a125,guncontrol,0.333333333
a365,a972,abortion,0.25
a108,a756,gaymarriage,0.4
a370,a634,gaymarriage,0.333333333
a695,a343,evolution,0.166666667
a780,a125,guncontrol,0.333333333
a381,a928,evolution,0.5
a486,a1029,gaymarriage,0.25
a823,a780,guncontrol,0.2
a524,a125,guncontrol,0.4
a281,a642,climatechange,0.25
a420,a325,climatechange,0.5
a279,a835,abortion,0.5
a954,a40,existenceofGod,0.25
a892,a892,evolution,0.333333333
a852,a825,guncontrol,0.8
a6,a950,guncontrol,0.2
a755,a123,evolution,0.6
a366,a232,abortion,0.25
a928,a1020,evolution,0.5
a230,a557,evolution,0.333333333
a634,a251,existenceofGod,0.75
a453,a601,existenceofGod,0.833333333
a230,a779,existenceofGod,0.75
a835,a56,climatechange,0.25
a104,a46,guncontrol,0.5
a695,a647,abortion,0.2
a384,a341,abortion,0.666666667
a53,a235,abortion,0.5
a678,a279,abortion,0.2
a387,a924,guncontrol,0.333333333
a892,a343,evolution,0.2
a230,a909,evolution,0.4
a370,a780,guncontrol,0.6
a497,a972,gaymarriage,0.2
a406,a762,evolution,0.666666667
a624,a69,deathpenalty,0.333333333
a472,a390,guncontrol,0.4
a174,a884,guncontrol,0.25
a624,a366,guncontrol,0.333333333
a543,a24,gaymarriage,0.2
a583,a972,existenceofGod,0.4
a820,a365,abortion,0.25
a422,a955,abortion,0.166666667
a384,a541,abortion,0.666666667
a861,a790,existenceofGod,0.666666667
a358,a193,gaymarriage,0.2
a583,a420,existenceofGod,0.4
a796,a653,evolution,0.5
a1013,a370,abortion,0.5
a500,a678,evolution,0.666666667
a617,a667,evolution,0.4
a899,a864,evolution,0.5
a646,a500,evolution,0.666666667
a228,a279,abortion,0.5
a422,a601,existenceofGod,0.833333333
a56,a224,evolution,0.2
a345,a500,evolution,0.666666667
a695,a790,evolution,0.2
a20,a807,existenceofGod,0.25
a932,a955,abortion,0.166666667
a108,a4,gaymarriage,0.4
a274,a420,existenceofGod,0.166666667
a242,a186,existenceofGod,0.25
a342,a70,evolution,0.25
a1019,a472,evolution,0.142857143
a857,a502,gaymarriage,0.25
a972,a653,evolution,0.5
a812,a495,abortion,0.5
a232,a370,evolution,0.4
a771,a909,evolution,0.2
a908,a2,existenceofGod,0.333333333
a876,a197,evolution,0.833333333
a823,a613,guncontrol,0.4
a602,a279,gaymarriage,0.2
a790,a342,existenceofGod,0.25
a268,a251,guncontrol,0.666666667
a151,a577,guncontrol,0.8
a160,a406,evolution,0.2
a125,a358,gaymarriage,0.2
a483,a230,evolution,0.6
a406,a160,evolution,0.2
a864,a139,gaymarriage,0.4
a230,a610,evolution,0.666666667
a634,a242,gaymarriage,0.333333333
a717,a936,abortion,0.142857143
a370,a867,evolution,0.142857143
a928,a678,evolution,0.5
a543,a855,gaymarriage,0.666666667
a165,a231,marijuanalegalization,0.666666667
a653,a230,evolution,0.833333333
a128,a695,abortion,0.75
a165,a880,abortion,0.4
a518,a242,gaymarriage,0.2
a370,a420,healthcare,0.4
a569,a165,existenceofGod,0.2
a34,a34,climatechange,0.75
a647,a717,guncontrol,0.5
a632,a230,existenceofGod,0.5
a47,a27,guncontrol,0.333333333
a613,a795,guncontrol,0.25
a203,a20,abortion,0.666666667
a205,a91,communismvscapitalism,0.8
a572,a928,evolution,0.142857143
a855,a972,gaymarriage,0.666666667
a546,a624,deathpenalty,0.333333333
a520,a639,evolution,0.5
a197,a610,evolution,0.666666667
a242,a253,gaymarriage,0.333333333
a613,a942,deathpenalty,0.8
a370,a370,existenceofGod,0.428571429
a583,a899,existenceofGod,0.4
a273,a647,guncontrol,0.333333333
a341,a384,abortion,0.666666667
a230,a632,existenceofGod,0.5
a290,a918,evolution,0.4
a197,a370,existenceofGod,0.25
a205,a601,communismvscapitalism,0.6
a242,a231,existenceofGod,0.2
a345,a342,evolution,0.5
a197,a544,abortion,0.75
a406,a823,evolution,1.0
a279,a281,climatechange,0.25
a316,a69,deathpenalty,0.2
a538,a602,gaymarriage,0.2
a710,a500,evolution,0.666666667
a950,a242,gaymarriage,0.25
a230,a363,evolution,0.833333333
a857,a625,gaymarriage,0.2
a4,a328,gaymarriage,0.5
a279,a316,abortion,0.2
a790,a876,existenceofGod,0.5
a230,a460,evolution,0.666666667
a912,a983,gaymarriage,0.666666667
a647,a383,abortion,0.25
a928,a678,existenceofGod,0.25
a224,a274,existenceofGod,0.428571429
a342,a118,existenceofGod,0.25
a370,a20,existenceofGod,0.2
a825,a601,existenceofGod,0.833333333
a793,a624,marijuanalegalization,0.666666667
a857,a279,gaymarriage,0.2
a835,a420,marijuanalegalization,0.666666667
a384,a346,gaymarriage,0.666666667
a4,a497,gaymarriage,0.2
a928,a56,evolution,0.5
a370,a281,marijuanalegalization,0.666666667
a346,a876,existenceofGod,0.166666667
a825,a977,existenceofGod,0.25
a65,a424,abortion,0.25
a85,a852,abortion,0.5
a165,a34,existenceofGod,0.75
a345,a231,evolution,0.5
a556,a20,gaymarriage,0.25
a546,a689,evolution,0.333333333
a383,a695,existenceofGod,0.2
a823,a935,guncontrol,0.666666667
a230,a370,evolution,0.666666667
a943,a40,deathpenalty,0.333333333
a1013,a695,abortion,0.5
a213,a950,existenceofGod,0.5
a255,a255,abortion,0.2
a54,a338,evolution,0.5
a230,a562,existenceofGod,0.25
a125,a624,guncontrol,0.333333333
a899,a20,existenceofGod,0.4
a155,a940,guncontrol,0.25
a424,a279,abortion,0.25
a613,a615,guncontrol,0.25
a279,a341,gaymarriage,0.333333333
a463,a864,gaymarriage,0.6
a835,a242,gaymarriage,0.25
a771,a928,evolution,0.5
a707,a707,evolution,0.4
a279,a936,abortion,1.0
a876,a790,existenceofGod,0.5
a156,a22,abortion,0.2
a211,a420,abortion,0.5
a950,a790,existenceofGod,0.5
a982,a639,guncontrol,0.25
a644,a644,gaymarriage,0.2
a823,a466,communismvscapitalism,0.25
a62,a796,evolution,0.5
a56,a118,climatechange,0.5
a535,a69,guncontrol,0.333333333
a637,a1,gaymarriage,0.5
a370,a960,existenceofGod,0.333333333
a69,a98,evolution,0.666666667
a835,a717,abortion,0.333333333
a536,a780,guncontrol,0.2
a20,a868,gaymarriage,0.25
a190,a722,guncontrol,0.75
a486,a108,gaymarriage,0.4
a325,a972,evolution,0.6
a316,a384,gaymarriage,0.25
a689,a316,evolution,0.333333333
a370,a835,evolution,1.0
a323,a928,evolution,0.5
a717,a899,abortion,0.4
a812,a950,abortion,0.142857143
a422,a453,existenceofGod,0.833333333
a358,a4,gaymarriage,0.5
a972,a97,abortion,0.25
a928,a355,evolution,0.5
a186,a1030,existenceofGod,0.333333333
a815,a274,evolution,0.2
a40,a370,abortion,0.5
a307,a876,existenceofGod,0.25
a420,a69,deathpenalty,0.333333333
a634,a543,gaymarriage,0.666666667
a197,a538,gaymarriage,0.2
a251,a232,gaymarriage,0.333333333
a972,a420,guncontrol,0.5
a864,a550,gaymarriage,0.6
a505,a69,deathpenalty,0.166666667
a46,a313,guncontrol,0.2
a857,a56,abortion,0.2
a977,a928,communismvscapitalism,0.8
a928,a422,guncontrol,0.4
a892,a500,evolution,0.666666667
a342,a384,gaymarriage,0.2
a281,a281,marijuanalegalization,0.666666667
a799,a91,abortion,0.4
a954,a466,communismvscapitalism,0.25
a325,a896,healthcare,0.333333333
a468,a62,evolution,0.166666667
a193,a538,gaymarriage,0.2
a242,a624,gaymarriage,0.333333333
a950,a46,guncontrol,0.2
a228,a695,abortion,0.5
a328,a242,gaymarriage,0.2
a422,a928,guncontrol,0.4
a69,a366,deathpenalty,0.333333333
a624,a279,gaymarriage,0.333333333
a120,a120,evolution,0.2
a279,a1030,marijuanalegalization,0.2
a338,a525,abortion,0.4
a20,a634,gaymarriage,0.2
a323,a323,evolution,0.5
a453,a453,existenceofGod,0.833333333
a62,a230,evolution,0.5
a242,a165,existenceofGod,0.2
a232,a723,gaymarriage,0.333333333
a972,a647,existenceofGod,0.4
a341,a624,gaymarriage,0.333333333
a798,a543,gaymarriage,0.2
a181,a987,climatechange,0.75
a634,a20,existenceofGod,0.2
a748,a602,gaymarriage,0.2
a34,a674,marijuanalegalization,0.666666667
a617,a279,gaymarriage,0.25
a695,a363,abortion,0.2
a472,a377,existenceofGod,0.166666667
a538,a538,gaymarriage,0.25
a4,a140,gaymarriage,0.2
a855,a972,abortion,0.2
a972,a20,existenceofGod,0.2
a1015,a46,guncontrol,0.2
a755,a980,evolution,0.6
a128,a835,abortion,0.75
a1010,a1010,guncontrol,0.25
a197,a500,evolution,0.666666667
a162,a601,communismvscapitalism,0.6
a689,a951,evolution,0.333333333
a525,a859,evolution,0.5
a406,a500,evolution,0.666666667
a928,a857,abortion,0.5
a224,a4,gaymarriage,0.333333333
a483,a859,evolution,0.5
a433,a542,abortion,0.25
a972,a717,guncontrol,0.5
a232,a617,evolution,0.4
a876,a624,existenceofGod,0.2
a920,a707,evolution,0.4
a695,a128,abortion,0.75
a342,a203,evolution,0.666666667
a383,a239,existenceofGod,0.2
a864,a239,evolution,0.833333333
a638,a960,evolution,0.6
a406,a406,evolution,0.2
a128,a197,abortion,0.75
a500,a342,gaymarriage,0.5
a884,a24,deathpenalty,0.2
a702,a757,evolution,0.5
a195,a577,guncontrol,0.25
a935,a155,guncontrol,0.25
a647,a695,abortion,0.25
a864,a928,existenceofGod,0.25
a556,a583,guncontrol,0.5
a928,a479,evolution,0.5
a717,a370,abortion,0.2
a543,a632,gaymarriage,0.666666667
a624,a307,existenceofGod,0.25
a893,a499,guncontrol,0.25
a279,a206,abortion,0.5
a546,a928,evolution,0.142857143
a472,a882,evolution,0.666666667
a370,a370,abortion,0.2
a342,a279,healthcare,0.4
a855,a647,abortion,0.2
a624,a876,existenceofGod,0.25
a835,a497,gaymarriage,0.25
a632,a855,gaymarriage,0.666666667
a381,a876,evolution,0.5
a624,a358,gaymarriage,0.5
a338,a928,evolution,0.5
a519,a366,abortion,0.2
a343,a658,evolution,0.2
a2,a972,evolution,0.6
a486,a342,evolution,0.25
a1029,a230,existenceofGod,0.4
a40,a197,existenceofGod,0.25
a197,a909,evolution,0.2
a47,a161,guncontrol,0.333333333
a97,a793,abortion,0.25
a678,a514,evolution,0.4
a230,a546,evolution,0.666666667
a193,a358,gaymarriage,0.2
a1010,a859,guncontrol,0.25
a161,a47,guncontrol,0.333333333
a823,a69,guncontrol,0.333333333
a328,a358,gaymarriage,0.5
a864,a406,evolution,0.833333333
a839,a117,abortion,0.5
a928,a852,communismvscapitalism,0.8
a281,a279,climatechange,0.25
a863,a4,existenceofGod,0.428571429
a123,a406,evolution,0.2
a876,a859,gaymarriage,0.6
a546,a864,existenceofGod,0.333333333
a281,a316,marijuanalegalization,0.666666667
a448,a514,evolution,0.4
a69,a279,abortion,1.0
a420,a823,guncontrol,0.5
a717,a128,abortion,0.333333333
a358,a543,gaymarriage,0.5
a847,a823,deathpenalty,0.333333333
a439,a543,gaymarriage,0.666666667
a135,a603,abortion,0.333333333
a936,a655,abortion,0.5
a950,a678,existenceofGod,0.25
a514,a69,evolution,0.4
a384,a4,gaymarriage,0.2
a231,a858,marijuanalegalization,0.666666667
a6,a46,guncontrol,0.2
a980,a62,evolution,0.166666667
a377,a377,existenceofGod,0.166666667
a672,a624,existenceofGod,0.2
a695,a695,existenceofGod,0.4
a556,a420,healthcare,0.4
a663,a279,abortion,0.2
a673,a279,abortion,0.75
a928,a980,evolution,0.142857143
a864,a950,existenceofGod,0.5
a163,a1,gaymarriage,0.5
a1005,a230,evolution,0.142857143
a842,a799,communismvscapitalism,0.8
a707,a601,communismvscapitalism,0.6
a866,a866,healthcare,0.25
a342,a617,evolution,0.2
a796,a325,climatechange,0.75
a689,a406,evolution,0.333333333
a952,a20,abortion,0.666666667
a141,a780,guncontrol,0.25
a420,a835,marijuanalegalization,0.666666667
a617,a120,evolution,0.2
a239,a197,evolution,0.833333333
a370,a624,existenceofGod,0.25
a835,a823,guncontrol,0.666666667
a205,a205,guncontrol,0.8
a653,a634,evolution,0.2
a366,a756,abortion,0.5
a1013,a279,abortion,0.5
a328,a543,gaymarriage,0.2
a556,a972,gaymarriage,0.666666667
a804,a197,abortion,0.4
a20,a20,existenceofGod,0.2
a955,a717,abortion,0.75
a876,a381,evolution,0.5
a505,a197,deathpenalty,0.166666667
a723,a242,gaymarriage,0.333333333
a242,a585,gaymarriage,0.4
a242,a139,gaymarriage,0.4
a342,a950,gaymarriage,0.5
a342,a497,gaymarriage,0.4
a921,a406,evolution,0.666666667
a72,a251,climatechange,0.75
a239,a242,gaymarriage,0.2
a838,a370,evolution,0.142857143
a69,a193,gaymarriage,0.2
a453,a955,existenceofGod,0.833333333
a125,a40,existenceofGod,0.25
a921,a230,evolution,0.666666667
a972,a363,abortion,0.5
a86,a424,abortion,0.25
a556,a384,existenceofGod,0.4
a239,a346,gaymarriage,0.666666667
a279,a857,gaymarriage,0.2
a241,a673,abortion,0.75
a224,a406,evolution,0.666666667
a717,a114,abortion,0.2
a370,a325,climatechange,0.5
a125,a935,guncontrol,0.6
a790,a950,existenceofGod,0.5
a160,a790,evolution,0.2
a424,a972,abortion,0.25
a642,a880,abortion,0.4
a363,a186,existenceofGod,0.25
a230,a256,evolution,0.25
a585,a671,abortion,0.5
a514,a230,evolution,0.4
a942,a842,deathpenalty,0.8
a463,a859,gaymarriage,0.6
a583,a242,existenceofGod,0.5
a261,a69,evolution,0.4
a678,a224,existenceofGod,0.428571429
a972,a632,gaymarriage,0.666666667
a69,a24,gaymarriage,0.2
a299,a585,gaymarriage,0.666666667
a825,a707,abortion,0.5
a366,a602,abortion,0.5
a857,a358,gaymarriage,0.5
a678,a500,evolution,0.666666667
a20,a239,existenceofGod,0.2
a140,a125,guncontrol,0.2
a165,a717,guncontrol,0.5
a928,a546,existenceofGod,0.25
a230,a823,evolution,1.0
a671,a647,abortion,0.5
a120,a617,evolution,0.2
a118,a752,climatechange,0.5
a796,a972,evolution,0.5
a657,a338,evolution,0.5
a69,a266,evolution,0.666666667
a499,a155,guncontrol,0.25
a2,a546,existenceofGod,0.333333333
a617,a6,evolution,0.4
a673,a585,abortion,0.75
a213,a864,existenceofGod,0.5
a1005,a909,evolution,0.4
a370,a20,marijuanalegalization,0.666666667
a420,a799,climatechange,0.75
a366,a866,abortion,0.2
a663,a255,abortion,0.142857143
a980,a123,evolution,0.6
a864,a98,evolution,0.666666667
a855,a736,gaymarriage,0.666666667
a621,a211,gaymarriage,0.4
a211,a279,abortion,0.5
a257,a47,guncontrol,0.333333333
a583,a251,existenceofGod,0.75
a135,a717,abortion,0.4
a230,a70,evolution,0.666666667
a114,a114,abortion,0.2
a358,a422,gaymarriage,0.5
a868,a165,existenceofGod,0.2
a307,a943,existenceofGod,0.25
a935,a823,guncontrol,0.2
a420,a370,marijuanalegalization,0.666666667
a717,a751,abortion,0.4
a955,a4,existenceofGod,0.428571429
a755,a522,abortion,0.4
a387,a823,guncontrol,0.333333333
a55,a242,gaymarriage,0.333333333
a823,a594,guncontrol,0.6
a279,a114,abortion,0.2
a49,a370,abortion,0.2
a125,a647,guncontrol,0.333333333
a403,a123,evolution,0.5
a232,a242,gaymarriage,0.333333333
a678,a261,abortion,0.2
a896,a1013,healthcare,0.333333333
a211,a211,abortion,0.5
a1020,a928,evolution,0.5
a342,a740,evolution,0.666666667
a736,a242,gaymarriage,0.2
a583,a634,existenceofGod,0.666666667
a909,a771,evolution,0.2
a876,a165,evolution,0.833333333
a749,a935,guncontrol,0.666666667
a230,a406,evolution,1.0
a20,a868,existenceofGod,0.2
a279,a197,abortion,0.4
a197,a128,abortion,0.333333333
a822,a899,existenceofGod,0.75
a866,a754,abortion,0.2
a653,a790,evolution,0.2
a274,a678,evolution,0.2
a40,a259,existenceofGod,0.25
a940,a940,guncontrol,0.25
a197,a307,existenceofGod,0.25
a552,a46,guncontrol,0.2
a230,a855,gaymarriage,0.666666667
a796,a695,abortion,0.2
a528,a859,evolution,0.5
a230,a165,existenceofGod,0.75
a370,a258,gaymarriage,0.5
a4,a279,gaymarriage,0.25
a689,a285,evolution,0.333333333
a58,a972,existenceofGod,0.4
a708,a583,abortion,0.5
a798,a328,gaymarriage,0.2
a876,a235,abortion,0.5
a235,a928,abortion,0.4
a406,a642,evolution,0.4
a500,a646,evolution,0.666666667
a853,a955,abortion,0.4
a494,a866,guncontrol,0.2
a383,a20,existenceofGod,0.2
a261,a279,abortion,0.2
a972,a543,gaymarriage,0.2
a104,a366,abortion,0.2
a4,a384,gaymarriage,0.2
a468,a370,evolution,0.2
a270,a892,evolution,0.5
a342,a823,healthcare,0.4
a663,a936,abortion,0.2
a33,a702,evolution,0.5
a342,a230,evolution,0.5
a624,a366,abortion,0.25
a377,a377,marijuanalegalization,0.666666667
a642,a864,evolution,0.25
a780,a865,guncontrol,0.666666667
a950,a647,abortion,0.2
a876,a385,communismvscapitalism,0.8
a740,a342,evolution,0.666666667
a4,a193,gaymarriage,0.5
a835,a203,abortion,0.666666667
a806,a601,communismvscapitalism,0.6
a246,a493,abortion,0.5
a755,a251,existenceofGod,0.333333333
a406,a770,evolution,0.2
a205,a977,guncontrol,0.75
a500,a610,evolution,0.666666667
a852,a876,abortion,0.5
a370,a798,gaymarriage,0.2
a420,a125,deathpenalty,0.333333333
a420,a815,evolution,0.2
a28,a167,abortion,0.5
a835,a128,abortion,0.75
a325,a790,evolution,0.2
a875,a528,evolution,0.5
a546,a197,existenceofGod,0.25
a125,a795,guncontrol,0.333333333
a855,a238,gaymarriage,0.666666667
a832,a928,guncontrol,0.4
a942,a823,guncontrol,0.333333333
a20,a230,existenceofGod,0.2
a157,a556,gaymarriage,0.666666667
a762,a57,evolution,0.666666667
a205,a780,guncontrol,0.2
a370,a377,existenceofGod,0.166666667
a624,a624,deathpenalty,0.333333333
a702,a892,evolution,0.5
a556,a543,gaymarriage,0.666666667
a125,a878,guncontrol,0.333333333
a893,a226,gaymarriage,0.25
a346,a242,gaymarriage,0.666666667
a880,a755,abortion,0.4
a908,a613,guncontrol,0.4
a642,a284,climatechange,0.2
a422,a637,gaymarriage,0.5
a62,a755,evolution,0.6
a570,a972,abortion,0.25
a543,a420,gaymarriage,0.666666667
a328,a798,gaymarriage,0.2
a752,a215,abortion,0.5
a857,a538,gaymarriage,0.2
a345,a864,evolution,0.5
a279,a242,gaymarriage,0.666666667
a232,a420,abortion,0.25
a230,a239,existenceofGod,0.4
a637,a279,abortion,1.0
a509,a272,abortion,0.4
a928,a928,evolution,0.5
a625,a24,gaymarriage,0.2
a104,a852,abortion,0.2
a165,a779,existenceofGod,0.75
a684,a982,guncontrol,0.2
a583,a721,existenceofGod,0.4
a859,a875,gaymarriage,0.6
a165,a34,climatechange,0.75
a279,a812,abortion,0.142857143
a167,a859,abortion,0.5
a823,a615,guncontrol,0.2
a864,a528,evolution,0.5
a751,a585,abortion,0.4
a538,a486,gaymarriage,0.25
a193,a69,gaymarriage,0.2
a558,a780,guncontrol,0.666666667
a211,a621,gaymarriage,0.4
a420,a56,evolution,0.2
a370,a4,gaymarriage,0.5
a585,a242,gaymarriage,0.4
a546,a69,deathpenalty,0.333333333
a328,a4,gaymarriage,0.5
a928,a741,evolution,0.5
a307,a197,existenceofGod,0.25
a211,a328,gaymarriage,0.2
a251,a692,guncontrol,0.25
a936,a279,abortion,0.142857143
a420,a472,abortion,0.5
a20,a647,existenceofGod,0.2
a342,a92,evolution,0.4
a313,a46,guncontrol,0.2
a24,a261,abortion,0.2
a420,a864,existenceofGod,0.166666667
a974,a631,abortion,0.142857143
a230,a62,evolution,0.6
a165,a231,evolution,0.5
a274,a342,existenceofGod,0.25
a370,a392,guncontrol,0.6
a444,a295,existenceofGod,0.2
a617,a586,evolution,0.2
a430,a257,existenceofGod,0.333333333
a91,a707,abortion,0.5
a358,a625,gaymarriage,0.5
a125,a4,guncontrol,0.25
a224,a928,existenceofGod,0.25
a940,a276,guncontrol,0.25
a562,a342,existenceofGod,0.25
a338,a479,evolution,0.5
a195,a639,evolution,0.75
a647,a165,evolution,0.833333333
a420,a736,gaymarriage,0.666666667
a406,a197,evolution,0.2
a736,a439,gaymarriage,0.666666667
a943,a420,existenceofGod,0.25
a1030,a279,marijuanalegalization,0.2
a346,a239,gaymarriage,0.666666667
a231,a345,evolution,0.5
a468,a938,evolution,0.166666667
a755,a34,marijuanalegalization,0.666666667
a625,a585,gaymarriage,0.4
a472,a211,abortion,0.5
a823,a866,guncontrol,0.2
a741,a928,evolution,0.5
a710,a230,evolution,0.666666667
a342,a345,evolution,0.5
a73,a111,evolution,0.4
a864,a695,gaymarriage,0.4
a279,a678,abortion,0.2
a342,a232,gaymarriage,0.25
a695,a58,existenceofGod,0.4
a279,a384,abortion,0.2
a346,a647,guncontrol,0.333333333
a22,a857,abortion,0.2
a338,a483,evolution,0.5
a875,a474,evolution,0.5
a717,a135,abortion,0.4
a864,a672,existenceofGod,0.2
a924,a125,guncontrol,0.333333333
a343,a343,evolution,0.2
a242,a4,gaymarriage,0.2
a279,a69,gaymarriage,0.2
a125,a69,deathpenalty,0.333333333
a980,a790,evolution,0.5
a972,a811,abortion,0.25
a203,a342,evolution,0.666666667
a880,a717,abortion,0.4
a972,a424,abortion,0.25
a261,a505,deathpenalty,0.166666667
a366,a647,abortion,0.25
a663,a211,abortion,0.5
a899,a217,guncontrol,0.25
a325,a617,evolution,0.4
a632,a632,existenceofGod,0.5
a823,a366,guncontrol,0.333333333
a624,a40,existenceofGod,0.25
a546,a2,existenceofGod,0.166666667
a796,a855,abortion,0.2
a538,a24,gaymarriage,0.4
a390,a390,guncontrol,0.4
a717,a370,existenceofGod,0.333333333
a646,a113,evolution,0.666666667
a678,a928,evolution,0.5
a370,a950,existenceofGod,0.5
a717,a950,existenceofGod,0.5
a226,a242,gaymarriage,0.25
a1025,a977,existenceofGod,0.25
a242,a798,gaymarriage,0.2
a569,a270,existenceofGod,0.4
a1013,a692,abortion,0.5
a636,a695,abortion,0.4
a370,a108,gaymarriage,0.2
a1010,a780,guncontrol,0.25
a624,a637,gaymarriage,0.5
a1029,a857,gaymarriage,0.25
a935,a472,guncontrol,0.25
a893,a114,abortion,0.5
a634,a972,gaymarriage,0.2
a69,a370,deathpenalty,0.333333333
a955,a987,abortion,0.5
a672,a672,existenceofGod,0.2
a546,a950,existenceofGod,0.428571429
a902,a444,existenceofGod,0.2
a62,a81,evolution,0.2
a823,a823,evolution,1.0
a634,a346,gaymarriage,0.666666667
a556,a340,gaymarriage,0.25
a647,a855,abortion,0.2
a268,a779,guncontrol,0.666666667
a780,a928,guncontrol,0.8
a535,a935,guncontrol,0.333333333
a20,a20,gaymarriage,0.2
a279,a274,abortion,1.0
a486,a663,abortion,0.2
a62,a617,evolution,0.6
a279,a370,gaymarriage,0.2
a583,a755,existenceofGod,0.4
a420,a259,existenceofGod,0.25
a274,a625,gaymarriage,0.2
a420,a370,evolution,0.666666667
a935,a790,guncontrol,0.333333333
a370,a279,healthcare,0.4
a279,a673,abortion,0.75
a444,a239,gaymarriage,0.666666667
a69,a387,guncontrol,0.333333333
a261,a24,abortion,0.2
a242,a543,gaymarriage,0.2
a483,a62,evolution,0.2
a564,a977,existenceofGod,0.25
a284,a7,guncontrol,0.25
a197,a717,abortion,0.333333333
a972,a671,abortion,0.5
a230,a642,evolution,0.142857143
a541,a279,abortion,0.666666667
a472,a876,existenceofGod,0.5
a717,a363,abortion,0.5
a972,a365,abortion,0.25
a632,a242,existenceofGod,0.5
a140,a358,gaymarriage,0.2
a366,a370,abortion,0.2
a756,a1005,evolution,0.666666667
a678,a114,abortion,0.2
a205,a982,guncontrol,0.8
a921,a437,evolution,1.0
a197,a514,evolution,0.4
a24,a197,deathpenalty,0.2
a835,a935,guncontrol,0.25
a617,a139,gaymarriage,0.25
a647,a231,guncontrol,0.333333333
a406,a486,evolution,0.666666667
a972,a790,evolution,0.5
a798,a211,gaymarriage,0.2
a167,a411,abortion,0.5
a583,a902,guncontrol,0.5
a370,a24,abortion,0.2
a857,a4,gaymarriage,0.4
a928,a338,abortion,0.4
a753,a823,guncontrol,0.75
a556,a755,existenceofGod,0.4
a751,a636,abortion,0.4
a972,a420,gaymarriage,0.2
a103,a982,guncontrol,0.2
a835,a279,abortion,0.5
a796,a62,evolution,0.5
a406,a62,evolution,0.166666667
a823,a420,existenceofGod,0.25
a165,a251,existenceofGod,0.75
a186,a583,existenceofGod,0.4
a358,a857,gaymarriage,0.25
a34,a230,existenceofGod,0.75
a123,a617,evolution,0.2
a876,a928,evolution,0.5
a420,a420,climatechange,0.5
a972,a634,gaymarriage,0.2
a165,a583,existenceofGod,0.75
a577,a613,guncontrol,0.4
a420,a274,existenceofGod,0.166666667
a695,a952,abortion,0.4
a528,a864,evolution,0.5
a601,a422,guncontrol,0.4
a239,a807,gaymarriage,0.2
a377,a370,existenceofGod,0.166666667
a239,a444,gaymarriage,0.666666667
a69,a358,gaymarriage,0.25
a62,a695,evolution,0.166666667
a108,a384,gaymarriage,0.2
a583,a20,existenceofGod,0.4
a493,a242,gaymarriage,0.333333333
a556,a20,existenceofGod,0.25
a647,a363,abortion,0.5
a866,a866,guncontrol,0.2
a756,a892,evolution,0.333333333
a196,a46,guncontrol,0.2
a483,a338,evolution,0.5
a845,a639,evolution,0.75
a444,a165,existenceofGod,0.2
a20,a370,existenceofGod,0.2
a689,a230,evolution,0.333333333
a1019,a342,evolution,0.142857143
a128,a717,abortion,0.333333333
a906,a500,evolution,0.666666667
a985,a880,abortion,0.4
a882,a197,evolution,0.666666667
a370,a906,abortion,0.2
a634,a597,gaymarriage,0.333333333
a634,a239,gaymarriage,0.666666667
a390,a823,guncontrol,0.4
a316,a135,abortion,0.4
a279,a790,abortion,0.5
a935,a950,guncontrol,0.2
a658,a658,evolution,0.2
a866,a125,guncontrol,0.2
a69,a858,marijuanalegalization,0.666666667
a695,a420,existenceofGod,0.4
a239,a325,gaymarriage,0.666666667
a928,a928,guncontrol,0.4
a835,a41,guncontrol,0.2
a420,a316,marijuanalegalization,0.666666667
a211,a663,abortion,0.5
a279,a541,abortion,0.666666667
a928,a853,abortion,0.4
a474,a28,abortion,0.5
a370,a514,evolution,0.4
a835,a949,marijuanalegalization,0.666666667
a444,a556,existenceofGod,0.2
a835,a544,abortion,0.2
a823,a125,deathpenalty,0.333333333
a165,a295,existenceofGod,0.2
a316,a420,existenceofGod,0.166666667
a370,a384,abortion,0.666666667
a228,a228,abortion,0.5
a55,a835,gaymarriage,0.333333333
a823,a46,guncontrol,0.5
a780,a864,guncontrol,0.6
a281,a695,marijuanalegalization,0.666666667
a1,a370,gaymarriage,0.5
a165,a20,existenceofGod,0.25
a960,a790,abortion,0.5
a426,a935,guncontrol,0.5
a607,a943,gaymarriage,0.5
a397,a384,gaymarriage,0.2
a420,a972,guncontrol,0.5
a835,a55,gaymarriage,0.333333333
a755,a717,guncontrol,0.5
a195,a639,guncontrol,0.25
a165,a406,evolution,0.833333333
a385,a560,communismvscapitalism,0.8
a58,a617,gaymarriage,0.25
a253,a358,gaymarriage,0.5
a771,a639,evolution,0.75
a406,a876,evolution,0.833333333
a653,a899,evolution,0.6
a239,a972,gaymarriage,0.2
a56,a950,existenceofGod,0.428571429
a486,a610,evolution,0.666666667
a497,a543,gaymarriage,0.2
a857,a213,gaymarriage,0.2
a556,a807,gaymarriage,0.666666667
a197,a69,evolution,0.25
a497,a617,evolution,0.6
a960,a342,evolution,0.5
a279,a253,gaymarriage,0.333333333
a640,a424,abortion,0.25
a385,a205,guncontrol,0.8
a406,a165,evolution,0.5
a695,a268,guncontrol,0.666666667
a325,a632,gaymarriage,0.666666667
a366,a823,guncontrol,0.4
a996,a650,evolution,0.142857143
a864,a876,existenceofGod,0.166666667
a242,a736,gaymarriage,0.2
a707,a707,abortion,0.5
a954,a390,guncontrol,0.25
a617,a242,gaymarriage,0.25
a951,a689,evolution,0.333333333
a55,a430,marijuanalegalization,0.666666667
a770,a406,evolution,0.2
a613,a307,guncontrol,0.4
a242,a444,gaymarriage,0.333333333
a384,a255,abortion,0.2
a392,a125,guncontrol,0.6
a24,a798,gaymarriage,0.2
a806,a639,guncontrol,0.25
a25,a858,marijuanalegalization,0.666666667
a363,a671,abortion,0.5
a342,a562,existenceofGod,0.25
a341,a135,abortion,0.333333333
a632,a325,gaymarriage,0.666666667
a26,a107,guncontrol,0.25
a420,a165,guncontrol,0.5
a239,a468,evolution,0.833333333
a755,a864,gaymarriage,0.2
a972,a556,gaymarriage,0.666666667
a325,a556,gaymarriage,0.666666667
a546,a342,gaymarriage,0.5
a338,a525,evolution,0.5
a325,a796,evolution,0.5
a972,a20,gaymarriage,0.2
a497,a583,existenceofGod,0.4
a279,a279,abortion,0.5
a876,a525,evolution,0.5
a825,a741,evolution,0.5
a132,a197,evolution,0.833333333
a255,a968,abortion,0.2
a46,a823,guncontrol,0.2
a211,a893,abortion,0.5
a370,a418,abortion,0.4
a132,a230,evolution,0.833333333
a899,a583,existenceofGod,0.4
a444,a231,existenceofGod,0.2
a69,a823,deathpenalty,0.333333333
a4,a274,gaymarriage,0.2
a92,a69,evolution,0.4
a135,a446,abortion,0.333333333
a193,a4,gaymarriage,0.2
a107,a26,guncontrol,0.25
a265,a852,abortion,0.5
a1,a342,gaymarriage,0.5
a62,a184,evolution,0.2
a230,a876,existenceofGod,0.166666667
a325,a979,climatechange,0.5
a835,a224,existenceofGod,0.428571429
a773,a823,guncontrol,0.75
a852,a474,abortion,0.5
a342,a342,healthcare,0.4
a780,a615,guncontrol,0.2
a342,a358,gaymarriage,0.5
a108,a24,gaymarriage,0.4
a804,a717,abortion,0.4
a815,a406,evolution,0.2
a108,a798,gaymarriage,0.2
a835,a196,marijuanalegalization,0.666666667
a397,a712,gaymarriage,0.2
a556,a342,gaymarriage,0.25
a955,a825,existenceofGod,0.833333333
a855,a695,abortion,0.2
a852,a852,abortion,0.5
a420,a624,existenceofGod,0.25
a420,a40,deathpenalty,0.333333333
a230,a500,evolution,0.666666667
a852,a385,guncontrol,0.8
a866,a823,healthcare,0.25
a928,a892,evolution,0.5
a342,a266,evolution,0.666666667
a538,a108,gaymarriage,0.2
a823,a823,guncontrol,0.75
a790,a653,evolution,0.2
a842,a942,deathpenalty,0.8
a795,a125,guncontrol,0.333333333
a370,a949,marijuanalegalization,0.666666667
a43,a928,evolution,0.5
a780,a613,guncontrol,0.25
a866,a494,guncontrol,0.2
a546,a460,evolution,0.666666667
a497,a193,gaymarriage,0.25
a540,a639,evolution,0.75
a825,a825,evolution,0.5
a632,a439,gaymarriage,0.666666667
a634,a634,gaymarriage,0.666666667
a316,a936,abortion,0.5
a108,a108,gaymarriage,0.2
a695,a135,abortion,0.4
a659,a928,evolution,0.5
a342,a184,evolution,0.2
a543,a20,gaymarriage,0.2
a852,a151,guncontrol,0.8
a866,a935,guncontrol,0.2
a726,a707,evolution,0.4
a69,a602,gaymarriage,0.2
a139,a634,gaymarriage,0.4
a251,a165,existenceofGod,0.75
a864,a960,existenceofGod,0.333333333
a928,a825,existenceofGod,0.833333333
a949,a835,marijuanalegalization,0.666666667
a624,a835,abortion,0.25
a472,a370,existenceofGod,0.5
a716,a409,abortion,0.5
a46,a12,guncontrol,0.5
a928,a33,evolution,0.5
a864,a230,existenceofGod,0.333333333
a328,a546,gaymarriage,0.5
a928,a381,evolution,0.5
a823,a624,deathpenalty,0.333333333
a6,a617,evolution,0.4
a790,a796,evolution,0.5
a624,a420,deathpenalty,0.333333333
a752,a118,climatechange,0.5
a642,a92,evolution,0.4
a230,a1029,existenceofGod,0.4
a543,a543,existenceofGod,0.2
a343,a678,healthcare,0.25
a707,a977,existenceofGod,0.25
a624,a717,abortion,0.25
a64,a639,guncontrol,0.8
a31,a366,abortion,0.2
a253,a279,gaymarriage,0.333333333
a557,a951,evolution,0.333333333
a279,a695,abortion,0.5
a560,a707,evolution,0.4
a899,a880,abortion,0.4
a279,a472,abortion,0.5
a266,a406,evolution,0.666666667
a56,a420,evolution,0.2
a644,a741,gaymarriage,0.2
a865,a125,guncontrol,0.25
a864,a867,evolution,0.142857143
a876,a892,evolution,0.5
a343,a468,evolution,0.166666667
a876,a876,evolution,0.5
a928,a528,evolution,0.5
a251,a902,existenceofGod,0.75
a613,a780,guncontrol,0.25
a585,a747,abortion,0.75
a345,a960,evolution,0.5
a543,a325,gaymarriage,0.666666667
a876,a546,existenceofGod,0.166666667
a444,a972,gaymarriage,0.666666667
a695,a228,abortion,0.5
a864,a755,gaymarriage,0.2
a717,a34,climatechange,0.75
a439,a736,gaymarriage,0.666666667
a340,a20,gaymarriage,0.25
a594,a823,guncontrol,0.6
a625,a193,gaymarriage,0.2
a397,a4,gaymarriage,0.2
a205,a722,guncontrol,0.75
a33,a928,evolution,0.5
a638,a500,evolution,0.666666667
a775,a855,gaymarriage,0.666666667
a625,a695,gaymarriage,0.4
a406,a123,evolution,0.2
a884,a514,guncontrol,0.25
a721,a242,existenceofGod,0.25
a4,a274,guncontrol,0.25
a4,a1019,evolution,0.142857143
a113,a882,evolution,0.666666667
a899,a230,evolution,0.666666667
a162,a639,evolution,0.75
a424,a717,abortion,0.25
a942,a613,deathpenalty,0.8
a642,a472,evolution,0.142857143
a406,a695,evolution,0.2
a998,a876,abortion,0.5
a823,a835,guncontrol,0.666666667
a370,a585,gaymarriage,0.666666667
a230,a285,evolution,0.333333333
a377,a717,existenceofGod,0.166666667
a197,a638,evolution,0.666666667
a695,a239,gaymarriage,0.2
a868,a20,gaymarriage,0.25
a625,a328,gaymarriage,0.5
a163,a358,gaymarriage,0.5
a615,a390,guncontrol,0.25
a58,a899,existenceofGod,0.4
a625,a602,gaymarriage,0.2
a114,a908,abortion,0.2
a342,a420,healthcare,0.4
a912,a238,gaymarriage,0.666666667
a503,a617,evolution,0.4
a325,a325,evolution,0.5
a859,a463,gaymarriage,0.6
a538,a798,gaymarriage,0.2
a466,a370,gaymarriage,0.5
a34,a165,existenceofGod,0.75
a366,a655,abortion,0.5
a20,a902,existenceofGod,0.2
a358,a253,gaymarriage,0.5
a647,a647,guncontrol,0.333333333
a69,a950,climatechange,0.2
a466,a852,abortion,0.5
a420,a678,existenceofGod,0.166666667
a972,a796,evolution,0.5
a842,a928,guncontrol,0.4
a515,a614,climatechange,0.2
a602,a193,gaymarriage,0.2
a342,a20,gaymarriage,0.25
a859,a892,evolution,0.5
a117,a235,abortion,0.5
a717,a546,existenceofGod,0.5
a825,a955,existenceofGod,0.833333333
a977,a577,guncontrol,0.75
a366,a624,gaymarriage,0.5
a857,a486,gaymarriage,0.2
a935,a6,guncontrol,0.2
a69,a25,marijuanalegalization,0.666666667
a835,a505,existenceofGod,0.2
a556,a695,gaymarriage,0.666666667
a864,a342,existenceofGod,0.25
a228,a1013,abortion,0.5
a370,a908,existenceofGod,0.333333333
a678,a125,healthcare,0.25
a497,a486,gaymarriage,0.4
a253,a55,gaymarriage,0.333333333
a852,a411,abortion,0.5
a823,a865,guncontrol,0.25
a780,a390,guncontrol,0.25
a928,a842,guncontrol,0.4
a838,a650,evolution,0.5
a695,a342,existenceofGod,0.25
a205,a823,guncontrol,0.75
a899,a232,existenceofGod,0.4
a468,a239,evolution,0.833333333
a370,a69,deathpenalty,0.333333333
a678,a613,deathpenalty,0.2
a1,a358,gaymarriage,0.5
a835,a384,gaymarriage,0.25
a780,a823,guncontrol,0.333333333
a798,a370,gaymarriage,0.2
a171,a634,guncontrol,0.8
a904,a316,abortion,0.2
a186,a755,existenceofGod,0.25
a397,a20,gaymarriage,0.2
a300,a880,abortion,0.4
a949,a420,marijuanalegalization,0.666666667
a955,a955,abortion,0.166666667
a486,a460,evolution,0.666666667
a634,a790,existenceofGod,0.666666667
a387,a125,guncontrol,0.333333333
a387,a69,guncontrol,0.333333333
a397,a253,gaymarriage,0.2
a239,a807,existenceofGod,0.5
a641,a717,abortion,0.4
a290,a707,evolution,0.4
a954,a384,gaymarriage,0.25
a279,a4,gaymarriage,0.2
a823,a69,deathpenalty,0.333333333
a955,a825,abortion,0.5
a338,a757,evolution,0.5
a625,a857,gaymarriage,0.2
a798,a624,gaymarriage,0.2
a34,a72,climatechange,0.75
a868,a444,gaymarriage,0.666666667
a906,a358,gaymarriage,0.25
a632,a543,gaymarriage,0.666666667
a546,a420,existenceofGod,0.25
a242,a58,existenceofGod,0.4
a935,a46,guncontrol,0.2
a295,a20,existenceofGod,0.2
a634,a625,gaymarriage,0.4
a422,a780,guncontrol,0.4
a790,a980,evolution,0.5
a186,a186,existenceofGod,0.4
a950,a118,existenceofGod,0.25
a239,a695,evolution,0.833333333
a982,a69,guncontrol,0.333333333
a285,a370,climatechange,0.75
a358,a1,gaymarriage,0.5
a819,a823,guncontrol,0.5
a634,a406,evolution,0.2
a69,a345,evolution,0.5
a279,a755,gaymarriage,0.333333333
a274,a955,existenceofGod,0.428571429
a717,a585,existenceofGod,0.5
a197,a636,abortion,0.4
a852,a104,abortion,0.2
a812,a637,abortion,1.0
a279,a342,healthcare,0.4
a617,a717,abortion,0.4
a370,a617,evolution,0.4
a125,a823,guncontrol,0.2
a798,a108,gaymarriage,0.2
a518,a538,gaymarriage,0.2
a624,a422,gaymarriage,0.5
a796,a123,evolution,0.5
a186,a721,existenceofGod,0.25
a717,a855,abortion,0.2
a892,a338,evolution,0.5
a864,a653,evolution,0.833333333
a358,a583,existenceofGod,0.4
a20,a383,existenceofGod,0.2
a370,a163,gaymarriage,0.5
a556,a721,existenceofGod,0.25
a279,a950,existenceofGod,0.5
a717,a880,abortion,0.4
a323,a546,evolution,0.5
a370,a256,evolution,0.25
a982,a387,guncontrol,0.333333333
a669,a195,evolution,0.75
a69,a637,abortion,1.0
a825,a722,guncontrol,0.75
a928,a950,existenceofGod,0.25
a409,a235,abortion,0.5
a242,a500,gaymarriage,0.5
a62,a120,evolution,0.2
a928,a876,evolution,0.5
a193,a24,gaymarriage,0.4
a935,a288,guncontrol,0.25
a864,a274,existenceofGod,0.166666667
a859,a876,evolution,0.5
a232,a20,existenceofGod,0.4
a864,a242,gaymarriage,0.2
a625,a538,gaymarriage,0.2
a279,a342,gaymarriage,0.2
a646,a899,evolution,0.666666667
a695,a62,evolution,0.166666667
a57,a406,evolution,0.666666667
a717,a134,abortion,0.4
a497,a108,gaymarriage,0.4
a139,a617,gaymarriage,0.25
a230,a931,evolution,0.666666667
a316,a281,marijuanalegalization,0.666666667
a316,a663,abortion,0.2
a823,a921,evolution,1.0
a165,a876,evolution,0.833333333
a338,a33,evolution,0.5
a279,a885,marijuanalegalization,0.666666667
a977,a422,guncontrol,0.75
a543,a397,gaymarriage,0.2
a624,a242,gaymarriage,0.333333333
a577,a26,guncontrol,0.25
a366,a747,abortion,0.75
a880,a985,abortion,0.4
a370,a4,existenceofGod,0.428571429
a602,a4,gaymarriage,0.2
a420,a466,communismvscapitalism,0.25
a634,a634,existenceofGod,0.75
a928,a118,existenceofGod,0.25
a512,a444,gaymarriage,0.666666667
a928,a270,evolution,0.5
a242,a721,existenceofGod,0.4
a384,a253,gaymarriage,0.2
a780,a385,guncontrol,0.8
a231,a34,existenceofGod,0.75
a375,a825,abortion,0.5
a928,a657,evolution,0.5
a647,a424,abortion,0.25
a396,a823,deathpenalty,0.2
a950,a69,gaymarriage,0.4
a892,a56,evolution,0.333333333
a406,a653,evolution,0.833333333
a187,a722,guncontrol,0.75
a835,a281,marijuanalegalization,0.666666667
a230,a658,evolution,0.2
a866,a366,abortion,0.2
a678,a864,existenceofGod,0.166666667
a370,a546,existenceofGod,0.166666667
a239,a556,gaymarriage,0.666666667
a205,a613,guncontrol,0.4
a125,a370,deathpenalty,0.333333333
a950,a880,abortion,0.4
a884,a174,guncontrol,0.25
a370,a935,guncontrol,0.333333333
a838,a572,evolution,0.5
a859,a852,gaymarriage,0.6
a921,a835,evolution,1.0
a383,a972,existenceofGod,0.2
a497,a556,gaymarriage,0.666666667
a653,a343,evolution,0.2
a823,a717,guncontrol,0.5
a242,a20,existenceofGod,0.2
a41,a368,guncontrol,0.2
a960,a960,existenceofGod,0.333333333
a717,a695,abortion,0.75
a885,a279,marijuanalegalization,0.666666667
a472,a499,guncontrol,0.25
a69,a857,gaymarriage,0.2
a674,a34,marijuanalegalization,0.666666667
a24,a69,gaymarriage,0.2
a370,a279,abortion,0.2
a125,a780,guncontrol,0.6
a165,a864,evolution,0.5
a928,a370,evolution,0.142857143
a909,a230,evolution,0.4
a852,a205,communismvscapitalism,0.8
a40,a954,existenceofGod,0.25
a972,a695,gaymarriage,0.2
a268,a695,guncontrol,0.666666667
a972,a239,existenceofGod,0.2
a780,a558,guncontrol,0.666666667
a610,a678,evolution,0.666666667
a751,a717,abortion,0.4
a40,a224,existenceofGod,0.428571429
a261,a642,evolution,0.4
a928,a54,evolution,0.5
a62,a342,evolution,0.2
a232,a20,gaymarriage,0.25
a366,a366,abortion,0.2
a165,a165,existenceofGod,0.75
a58,a239,existenceofGod,0.4
a754,a866,abortion,0.2
a123,a325,evolution,0.5
a472,a613,guncontrol,0.4
a211,a4,gaymarriage,0.4
a468,a1030,existenceofGod,0.333333333
a835,a366,abortion,0.5
a678,a678,guncontrol,0.333333333
a483,a796,evolution,0.5
a867,a370,climatechange,0.75
a858,a25,marijuanalegalization,0.666666667
a342,a239,gaymarriage,0.2
a535,a125,guncontrol,0.333333333
a695,a420,gaymarriage,0.2
a943,a1,gaymarriage,0.5
a366,a390,guncontrol,0.25
a544,a546,existenceofGod,0.166666667
a625,a108,gaymarriage,0.2
a328,a384,gaymarriage,0.2
a295,a20,marijuanalegalization,0.666666667
a795,a780,guncontrol,0.6
a717,a972,guncontrol,0.5
a486,a882,evolution,0.666666667
a577,a71,guncontrol,0.8
a69,a950,existenceofGod,0.5
a876,a370,existenceofGod,0.166666667
a279,a25,marijuanalegalization,0.666666667
a370,a125,deathpenalty,0.333333333
a556,a556,guncontrol,0.5
a753,a390,guncontrol,0.75
a366,a424,abortion,0.25
a420,a281,climatechange,0.25
a174,a514,guncontrol,0.25
a875,a859,gaymarriage,0.6
a446,a135,abortion,0.333333333
a71,a780,guncontrol,0.8
a583,a230,existenceofGod,0.666666667
a928,a852,guncontrol,0.8
a825,a928,existenceofGod,0.833333333
a855,a796,abortion,0.2
a420,a40,existenceofGod,0.25
a123,a370,evolution,0.2
a943,a358,gaymarriage,0.2
a955,a647,abortion,0.2
a69,a211,abortion,0.5
a864,a610,evolution,0.666666667
a216,a40,abortion,0.5
a825,a479,evolution,0.5
a505,a835,existenceofGod,0.2
a647,a556,abortion,0.25
a882,a486,evolution,0.666666667
a135,a197,abortion,0.333333333
a790,a325,evolution,0.5
a232,a717,existenceofGod,0.4
a358,a546,gaymarriage,0.5
a197,a472,deathpenalty,0.2
a4,a197,gaymarriage,0.2
a285,a689,evolution,0.333333333
a928,a972,abortion,0.5
a272,a642,abortion,0.4
a123,a120,evolution,0.2
a852,a91,communismvscapitalism,0.8
a634,a736,gaymarriage,0.666666667
a279,a55,gaymarriage,0.333333333
a885,a231,marijuanalegalization,0.666666667
a261,a114,abortion,0.2
a647,a880,marijuanalegalization,0.2
a950,a406,evolution,0.6
a230,a261,evolution,0.4
a852,a366,abortion,0.2
a63,a71,guncontrol,0.8
a279,a167,abortion,0.5
a717,a721,existenceofGod,0.4
a525,a540,evolution,0.5
a556,a632,gaymarriage,0.666666667
a972,a279,gaymarriage,0.2
a274,a20,existenceofGod,0.428571429
a823,a284,guncontrol,0.666666667
a880,a134,abortion,0.4
a424,a647,abortion,0.25
a754,a722,guncontrol,0.75
a653,a864,evolution,0.833333333
a279,a624,abortion,0.25
a341,a279,abortion,1.0
a717,a804,abortion,0.4
a695,a239,evolution,0.833333333
a40,a972,evolution,0.6
a325,a403,evolution,0.5
a972,a383,existenceofGod,0.2
a426,a231,guncontrol,0.5
a231,a634,existenceofGod,0.2
a165,a822,existenceofGod,0.75
a1025,a707,abortion,0.5
a420,a365,abortion,0.25
a230,a669,evolution,0.75
a62,a653,evolution,0.833333333
a497,a602,gaymarriage,0.2
a201,a238,gaymarriage,0.666666667
a258,a466,gaymarriage,0.5
a239,a583,existenceofGod,0.4
a950,a717,abortion,0.4
a678,a274,evolution,0.2
a422,a639,evolution,0.75
a695,a20,existenceofGod,0.2
a753,a753,guncontrol,0.75
a4,a4,existenceofGod,0.428571429
a242,a239,gaymarriage,0.2
a565,a707,evolution,0.4
a542,a811,abortion,0.25
a924,a642,evolution,0.4
a231,a165,marijuanalegalization,0.666666667
a20,a370,marijuanalegalization,0.666666667
a825,a955,abortion,0.5
a424,a366,abortion,0.25
a325,a197,evolution,0.5
a603,a135,abortion,0.333333333
a876,a815,existenceofGod,0.166666667
a795,a823,guncontrol,0.333333333
a717,a755,existenceofGod,0.333333333
a509,a543,gaymarriage,0.333333333
a165,a230,evolution,0.5
a281,a449,marijuanalegalization,0.666666667
a684,a205,guncontrol,0.2
a650,a1019,evolution,0.142857143
a483,a483,evolution,0.2
a692,a251,guncontrol,0.25
a634,a279,gaymarriage,0.666666667
a823,a406,evolution,1.0
a717,a583,existenceofGod,0.4
a546,a755,existenceofGod,0.333333333
a586,a617,evolution,0.2
a251,a279,abortion,0.5
a165,a858,marijuanalegalization,0.666666667
a972,a230,existenceofGod,0.4
a717,a12,guncontrol,0.5
a823,a197,guncontrol,0.6
a125,a790,guncontrol,0.333333333
a4,a823,guncontrol,0.25
a114,a255,abortion,0.2
a345,a899,evolution,0.5
a224,a546,existenceofGod,0.428571429
a935,a168,guncontrol,0.4
a325,a403,climatechange,0.5
a342,a20,existenceofGod,0.25
a125,a31,guncontrol,0.2
a444,a232,gaymarriage,0.333333333
a972,a406,evolution,0.6
a123,a468,evolution,0.2
a671,a972,abortion,0.5
a231,a342,evolution,0.5
a497,a242,gaymarriage,0.25
a790,a160,evolution,0.2
a274,a864,existenceofGod,0.166666667
a420,a370,abortion,0.25
a342,a242,gaymarriage,0.333333333
a653,a876,evolution,0.833333333
a556,a497,gaymarriage,0.666666667
a165,a345,evolution,0.5
a875,a197,evolution,0.5
a736,a357,gaymarriage,0.666666667
a647,a796,abortion,0.2
a796,a647,abortion,0.2
a205,a26,guncontrol,0.25
a123,a796,evolution,0.5
a197,a546,existenceofGod,0.25
a943,a823,existenceofGod,0.25
a58,a230,existenceofGod,0.4
a384,a397,gaymarriage,0.2
a741,a528,evolution,0.5
a439,a556,gaymarriage,0.666666667
a663,a197,abortion,0.142857143
a242,a556,gaymarriage,0.666666667
a366,a663,abortion,0.142857143
a807,a20,existenceofGod,0.25
a370,a955,existenceofGod,0.428571429
a242,a55,gaymarriage,0.333333333
a790,a899,evolution,0.2
a259,a409,abortion,0.5
a56,a107,guncontrol,0.666666667
a780,a151,guncontrol,0.8
a980,a342,evolution,0.2
a279,a261,abortion,0.2
a980,a58,existenceofGod,0.4
a678,a637,abortion,1.0
a893,a864,evolution,0.2
a864,a256,evolution,0.25
a370,a111,evolution,0.4
a577,a852,guncontrol,0.8
a546,a876,existenceofGod,0.166666667
a695,a835,abortion,0.25
a695,a370,existenceofGod,0.5
a876,a823,guncontrol,0.25
a316,a118,marijuanalegalization,0.2
a366,a12,guncontrol,0.2
a972,a585,gaymarriage,0.666666667
a197,a678,abortion,1.0
a370,a281,climatechange,0.25
a993,a878,guncontrol,0.333333333
a292,a601,communismvscapitalism,0.6
a892,a639,evolution,0.75
a857,a193,gaymarriage,0.4
a790,a972,evolution,0.5
a274,a274,existenceofGod,0.166666667
a420,a370,climatechange,0.25
a370,a123,evolution,0.2
a717,a636,abortion,0.4
a242,a242,gaymarriage,0.2
a583,a186,existenceofGod,0.4
a197,a952,abortion,0.4
a325,a653,evolution,0.2
a197,a663,abortion,0.142857143
a935,a1030,guncontrol,0.25
a546,a343,evolution,0.166666667
a736,a634,gaymarriage,0.2
a950,a316,marijuanalegalization,0.666666667
a928,a838,evolution,0.142857143
a835,a4,gaymarriage,0.25
a647,a251,guncontrol,0.25
a796,a972,abortion,0.2
a4,a538,gaymarriage,0.2
a602,a625,gaymarriage,0.2
a678,a342,existenceofGod,0.25
a55,a211,abortion,0.5
a538,a625,gaymarriage,0.2
a270,a270,existenceofGod,0.4
a40,a838,evolution,0.142857143
a780,a577,guncontrol,0.2
a242,a433,gaymarriage,0.2
a950,a546,climatechange,0.2
a692,a230,existenceofGod,0.666666667
a943,a943,gaymarriage,0.5
a193,a279,gaymarriage,0.2
a902,a242,gaymarriage,0.333333333
a747,a197,abortion,0.75
a866,a678,healthcare,0.25
a950,a632,existenceofGod,0.5
a384,a279,abortion,0.2
a197,a241,abortion,0.75
a472,a230,evolution,0.666666667
a113,a546,climatechange,0.75
a499,a893,guncontrol,0.25
a546,a546,evolution,0.142857143
a955,a370,existenceofGod,0.428571429
a365,a365,abortion,0.25
a316,a165,marijuanalegalization,0.666666667
a960,a638,evolution,0.6
a921,a863,evolution,0.6
a864,a224,existenceofGod,0.428571429
a225,a790,abortion,0.5
a20,a790,existenceofGod,0.25
a114,a370,abortion,0.2
a823,a924,guncontrol,0.333333333
a420,a274,evolution,0.2
a406,a815,evolution,0.2
a497,a509,gaymarriage,0.333333333
a852,a167,abortion,0.5
a4,a358,gaymarriage,0.5
a114,a69,abortion,0.5
a279,a989,abortion,0.2
a546,a960,existenceofGod,0.333333333
a953,a46,guncontrol,0.5
a279,a634,gaymarriage,0.666666667
a69,a823,guncontrol,0.333333333
a857,a928,abortion,0.5
a4,a253,gaymarriage,0.2
a279,a341,abortion,0.333333333
a118,a928,existenceofGod,0.25
a24,a625,gaymarriage,0.2
a624,a197,existenceofGod,0.25
a4,a226,gaymarriage,0.25
a790,a251,evolution,0.2
a642,a281,climatechange,0.25
a972,a342,gaymarriage,0.2
a241,a174,guncontrol,0.25
a613,a1010,guncontrol,0.25
a678,a562,existenceofGod,0.25
a955,a853,abortion,0.4
a230,a796,evolution,0.5
a197,a624,gaymarriage,0.333333333
a24,a678,deathpenalty,0.2
a107,a205,guncontrol,0.4
a69,a642,evolution,0.25
a230,a762,evolution,0.666666667
a790,a225,abortion,0.5
a798,a486,gaymarriage,0.2
a58,a242,gaymarriage,0.25
a577,a205,guncontrol,0.25
a226,a1022,gaymarriage,0.25
a617,a617,existenceofGod,0.333333333
a370,a114,abortion,0.2
a899,a40,evolution,0.6
a69,a420,deathpenalty,0.333333333
a370,a663,abortion,0.142857143
a1020,a859,evolution,0.5
a366,a279,abortion,0.2
a886,a406,evolution,0.666666667
a863,a274,existenceofGod,0.428571429
a230,a653,evolution,0.833333333
a342,a274,existenceofGod,0.166666667
a397,a397,gaymarriage,0.2
a406,a546,evolution,0.666666667
a302,a955,abortion,0.5
a279,a908,deathpenalty,0.5
a695,a562,existenceofGod,0.25
a835,a168,guncontrol,0.4
a835,a242,existenceofGod,0.2
a647,a279,abortion,0.2
a69,a1019,climatechange,0.2
a835,a1030,marijuanalegalization,0.666666667
a205,a385,guncontrol,0.8
a471,a928,evolution,0.5
a880,a972,abortion,0.4
a62,a468,evolution,0.2
a197,a823,deathpenalty,0.2
a338,a892,evolution,0.5
a546,a279,climatechange,0.75
a338,a825,evolution,0.5
a877,a823,guncontrol,0.666666667
a211,a193,gaymarriage,0.25
a69,a213,gaymarriage,0.2
a56,a323,evolution,0.5
a483,a123,evolution,0.6
a754,a864,existenceofGod,0.25
a793,a424,abortion,0.25
a790,a717,existenceofGod,0.5
a823,a359,guncontrol,0.333333333
a766,a707,evolution,0.4
a505,a20,existenceofGod,0.2
a544,a279,abortion,0.75
a239,a497,gaymarriage,0.2
a613,a420,guncontrol,0.25
a483,a325,evolution,0.5
a40,a420,climatechange,0.75
a876,a876,communismvscapitalism,0.8
a242,a328,gaymarriage,0.2
a260,a125,guncontrol,0.2
a736,a238,gaymarriage,0.666666667
a864,a230,evolution,0.666666667
a91,a806,climatechange,0.75
a69,a538,gaymarriage,0.2
a543,a857,gaymarriage,0.5
a279,a251,abortion,0.5
a4,a397,gaymarriage,0.2
a230,a1005,evolution,0.142857143
a197,a403,evolution,0.5
a365,a647,abortion,0.2
a197,a279,gaymarriage,0.333333333
a876,a2,existenceofGod,0.166666667
a370,a365,abortion,0.25
a390,a366,guncontrol,0.4
a370,a790,evolution,0.75
a721,a483,evolution,0.6
a56,a125,guncontrol,0.666666667
a167,a614,climatechange,0.2
a486,a514,evolution,0.4
a743,a46,guncontrol,0.2
a980,a972,evolution,0.6
a562,a230,existenceofGod,0.25
a790,a921,evolution,0.6
a955,a422,abortion,0.166666667
a285,a274,gaymarriage,0.5
a242,a397,gaymarriage,0.2
a542,a796,abortion,0.2
a780,a852,guncontrol,0.8
a384,a20,abortion,0.666666667
a952,a128,abortion,0.75
a125,a366,healthcare,0.25
a542,a972,abortion,0.5
a977,a722,guncontrol,0.75
a253,a755,gaymarriage,0.2
a552,a775,gaymarriage,0.666666667
a420,a342,existenceofGod,0.166666667
a325,a483,evolution,0.5
a505,a695,existenceofGod,0.2
a366,a495,abortion,0.5
a835,a226,gaymarriage,0.25
a658,a343,evolution,0.2
a92,a69,existenceofGod,0.5
a419,a755,abortion,0.4
a114,a197,abortion,1.0
a520,a520,evolution,0.5
a366,a31,abortion,0.2
a695,a279,gaymarriage,0.666666667
a338,a54,evolution,0.5
a634,a20,gaymarriage,0.2
a909,a1005,evolution,0.4
a617,a342,evolution,0.2
a34,a165,climatechange,0.75
a653,a62,evolution,0.833333333
a625,a69,gaymarriage,0.2
a987,a302,abortion,0.5
a325,a796,climatechange,0.75
a796,a806,climatechange,0.75
a374,a359,guncontrol,0.333333333
a954,a366,abortion,0.2
a342,a721,existenceofGod,0.4
a108,a620,gaymarriage,0.2
a55,a497,gaymarriage,0.333333333
a365,a420,abortion,0.25
a672,a644,gaymarriage,0.2
a647,a165,guncontrol,0.5
a4,a260,evolution,0.2
a893,a242,gaymarriage,0.2
a678,a420,existenceofGod,0.166666667
a279,a835,marijuanalegalization,0.2
a857,a1,gaymarriage,0.2
a205,a852,guncontrol,0.8
a24,a193,gaymarriage,0.2
a822,a165,existenceofGod,0.75
a892,a790,evolution,0.2
a892,a859,evolution,0.5
a514,a174,guncontrol,0.25
a24,a954,abortion,0.2
a322,a342,evolution,0.4
a174,a241,guncontrol,0.25
a239,a543,gaymarriage,0.2
a253,a4,gaymarriage,0.2
a366,a366,guncontrol,0.25
a26,a205,guncontrol,0.25
a193,a1029,gaymarriage,0.25
a663,a717,abortion,0.142857143
a230,a689,evolution,0.333333333
a307,a624,existenceofGod,0.25
a772,a859,gaymarriage,0.6
a920,a977,existenceofGod,0.25
a972,a647,abortion,0.2
a935,a866,guncontrol,0.2
a950,a790,guncontrol,0.333333333
a960,a370,existenceofGod,0.333333333
a366,a46,guncontrol,0.2
a876,a274,existenceofGod,0.166666667
a69,a69,deathpenalty,0.333333333
a139,a585,gaymarriage,0.4
a193,a193,gaymarriage,0.2
a20,a556,existenceofGod,0.25
a239,a342,gaymarriage,0.2
a928,a825,evolution,0.5
a20,a583,existenceofGod,0.4
a585,a114,abortion,0.2
a597,a342,gaymarriage,0.333333333
a370,a624,gaymarriage,0.5
a586,a468,evolution,0.2
a316,a242,gaymarriage,0.25
a497,a497,gaymarriage,0.2
a520,a875,evolution,0.5
a424,a624,abortion,0.25
a823,a288,guncontrol,0.25
a497,a493,gaymarriage,0.333333333
a323,a678,evolution,0.5
a835,a624,abortion,0.25
a642,a197,evolution,0.4
a500,a486,evolution,0.666666667
a461,a642,evolution,0.2
a463,a876,gaymarriage,0.6
a251,a790,climatechange,0.75
a4,a621,gaymarriage,0.4
a585,a279,abortion,0.4
a255,a663,abortion,0.142857143
a755,a717,existenceofGod,0.333333333
a625,a358,gaymarriage,0.5
a239,a793,gaymarriage,0.666666667
a876,a864,evolution,0.833333333
a230,a165,evolution,0.5
a6,a58,existenceofGod,0.4
a370,a876,existenceofGod,0.166666667
a647,a251,abortion,0.4
a678,a535,guncontrol,0.333333333
a712,a397,gaymarriage,0.2
a40,a624,existenceofGod,0.25
a857,a1029,gaymarriage,0.25
a928,a859,evolution,0.5
a420,a972,gaymarriage,0.2
a825,a928,evolution,0.5
a370,a717,existenceofGod,0.333333333
a193,a756,gaymarriage,0.4
a928,a799,communismvscapitalism,0.8
a602,a936,abortion,0.5
a420,a342,gaymarriage,0.2
a24,a24,gaymarriage,0.4
a325,a343,evolution,0.166666667
a864,a374,existenceofGod,0.2
a538,a197,gaymarriage,0.2
a585,a717,abortion,0.75
a325,a420,climatechange,0.5
a864,a345,evolution,0.5
a509,a597,gaymarriage,0.333333333
a56,a928,evolution,0.5
a155,a835,guncontrol,0.25
a108,a864,gaymarriage,0.2
a420,a943,existenceofGod,0.25
a251,a268,guncontrol,0.666666667
a4,a955,existenceofGod,0.428571429
a634,a4,gaymarriage,0.2
a125,a472,guncontrol,0.333333333
a279,a663,abortion,0.2
a798,a497,gaymarriage,0.2
a384,a370,abortion,0.666666667
a717,a717,existenceofGod,0.333333333
a852,a859,gaymarriage,0.6
a160,a160,evolution,0.2
a866,a31,abortion,0.2
a342,a98,evolution,0.666666667
a420,a647,marijuanalegalization,0.2
a695,a377,existenceofGod,0.166666667
a825,a235,abortion,0.4
a1026,a859,evolution,0.5
a847,a387,guncontrol,0.333333333
a497,a950,existenceofGod,0.5
a274,a279,abortion,1.0
a678,a754,existenceofGod,0.25
a845,a707,evolution,0.4
a46,a935,guncontrol,0.2
a203,a197,abortion,0.142857143
a217,a873,guncontrol,0.25
a796,a279,abortion,0.2
a325,a790,existenceofGod,0.666666667
a242,a983,gaymarriage,0.666666667
a366,a49,abortion,0.2
a370,a804,abortion,0.4
a613,a928,guncontrol,0.4
a538,a370,gaymarriage,0.2
a343,a823,evolution,1.0
a823,a678,guncontrol,0.333333333
a717,a55,existenceofGod,0.333333333
a950,a949,marijuanalegalization,0.666666667
a365,a556,abortion,0.25
a795,a390,guncontrol,0.25
a932,a614,abortion,0.4
a392,a358,guncontrol,0.6
a232,a420,existenceofGod,0.4
a804,a522,abortion,0.4
a717,a384,abortion,0.666666667
a617,a497,evolution,0.6
a583,a270,existenceofGod,0.4
a642,a461,evolution,0.2
a1026,a601,communismvscapitalism,0.8
a103,a795,guncontrol,0.6
a477,a857,gaymarriage,0.2
a230,a383,existenceofGod,0.2
a1013,a228,abortion,0.5
a390,a982,guncontrol,0.2
a226,a4,gaymarriage,0.25
a835,a950,marijuanalegalization,0.666666667
a972,a717,existenceofGod,0.4
a57,a343,evolution,1.0
a365,a299,abortion,0.25
a197,a528,evolution,0.5
a274,a279,existenceofGod,0.5
a255,a717,abortion,0.2
a411,a167,abortion,0.5
a583,a695,existenceofGod,0.4
a279,a602,abortion,0.5
a556,a952,abortion,0.25
a653,a197,evolution,0.833333333
a384,a952,abortion,0.666666667
a852,a54,gaymarriage,0.6
a689,a892,evolution,0.333333333
a757,a928,evolution,0.5
a370,a585,abortion,0.75
a672,a741,gaymarriage,0.2
a637,a620,gaymarriage,0.2
a366,a519,abortion,0.2
a197,a747,abortion,0.75
a284,a268,guncontrol,0.666666667
a342,a500,evolution,0.25
a231,a69,evolution,0.5
a852,a928,communismvscapitalism,0.8
a62,a62,evolution,0.2
a928,a702,evolution,0.5
a253,a253,gaymarriage,0.333333333
a342,a420,gaymarriage,0.2
a255,a114,abortion,0.2
a279,a193,gaymarriage,0.2
a780,a536,guncontrol,0.2
a274,a678,existenceofGod,0.25
a634,a342,gaymarriage,0.4
a235,a825,abortion,0.5
a614,a853,abortion,0.4
a863,a921,evolution,0.6
a279,a384,gaymarriage,0.333333333
a346,a983,gaymarriage,0.666666667
a114,a261,abortion,0.2
a205,a928,guncontrol,0.8
a253,a384,gaymarriage,0.2
a230,a345,evolution,0.5
a1,a1,gaymarriage,0.5
a936,a663,abortion,0.2
a73,a617,evolution,0.4
a500,a197,evolution,0.666666667
a617,a790,evolution,0.2
a406,a256,evolution,0.25
a858,a165,marijuanalegalization,0.666666667
a717,a325,guncontrol,0.5
a46,a556,guncontrol,0.5
a583,a717,existenceofGod,0.75
a118,a678,existenceofGod,0.25
a383,a647,existenceofGod,0.2
a370,a49,abortion,0.2
a972,a855,abortion,0.5
a197,a771,evolution,0.2
a33,a338,evolution,0.5
a780,a982,guncontrol,0.2
a24,a342,gaymarriage,0.4
a242,a493,gaymarriage,0.333333333
a451,a982,guncontrol,0.2
a69,a951,evolution,0.333333333
a341,a20,gaymarriage,0.333333333
a403,a46,guncontrol,0.5
a550,a864,gaymarriage,0.6
a58,a721,existenceofGod,0.4
a230,a343,evolution,0.2
a342,a500,gaymarriage,0.5
a864,a197,evolution,0.5
a279,a363,abortion,0.2
a960,a486,marijuanalegalization,0.666666667
a366,a754,abortion,0.2
a634,a420,gaymarriage,0.666666667
a921,a695,evolution,0.166666667
a960,a695,evolution,0.2
a807,a855,gaymarriage,0.666666667
a950,a370,existenceofGod,0.5
a955,a274,existenceofGod,0.428571429
a553,a499,guncontrol,0.25
a55,a420,existenceofGod,0.333333333
a866,a823,guncontrol,0.2
a261,a663,abortion,0.2
a197,a882,evolution,0.666666667
a647,a583,existenceofGod,0.4
a838,a528,evolution,0.142857143
a151,a780,guncontrol,0.8
a62,a325,evolution,0.5
a370,a322,evolution,0.4
a757,a702,evolution,0.5
a717,a960,existenceofGod,0.333333333
a755,a58,existenceofGod,0.4
a316,a1030,marijuanalegalization,0.666666667
a972,a585,abortion,0.5
a543,a798,gaymarriage,0.2
a982,a722,guncontrol,0.75
a823,a342,healthcare,0.4
a522,a755,abortion,0.4
a556,a157,gaymarriage,0.666666667
a366,a839,abortion,0.5
a370,a857,abortion,0.5
a420,a211,abortion,0.5
a1030,a281,marijuanalegalization,0.666666667
a406,a886,evolution,0.666666667
a755,a279,abortion,0.5
a69,a974,abortion,0.142857143
a653,a123,evolution,0.5
a242,a420,gaymarriage,0.2
a323,a659,evolution,0.5
a34,a755,marijuanalegalization,0.666666667
a751,a197,abortion,0.4
a197,a123,evolution,0.833333333
a928,a482,evolution,0.5
a20,a876,existenceofGod,0.166666667
a1030,a835,guncontrol,0.25
a20,a972,existenceofGod,0.2
a279,a953,guncontrol,0.5
a165,a165,guncontrol,0.5
a642,a370,abortion,0.4
a253,a242,gaymarriage,0.333333333
a279,a538,gaymarriage,0.333333333
a556,a556,gaymarriage,0.666666667
a363,a383,existenceofGod,0.2
a135,a341,abortion,0.333333333
a69,a497,gaymarriage,0.2
a197,a370,abortion,0.142857143
a950,a56,existenceofGod,0.428571429
a165,a426,guncontrol,0.5
a755,a186,existenceofGod,0.25
a766,a601,communismvscapitalism,0.6
a560,a707,abortion,0.5
a1029,a125,guncontrol,0.25
a193,a602,gaymarriage,0.2
a717,a2,existenceofGod,0.166666667
a242,a950,gaymarriage,0.25
a140,a274,evolution,0.2
a678,a546,existenceofGod,0.25
a583,a980,existenceofGod,0.75
a613,a390,guncontrol,0.25
a69,a125,guncontrol,0.333333333
a466,a235,abortion,0.5
a58,a232,existenceofGod,0.4
a411,a852,abortion,0.5
a928,a43,evolution,0.5
a281,a370,climatechange,0.25
a610,a762,evolution,0.666666667
a223,a420,abortion,0.2
a906,a954,climatechange,0.6
a165,a902,existenceofGod,0.2
a197,a790,evolution,0.5
a695,a796,abortion,0.2
a636,a636,abortion,0.4
a165,a980,existenceofGod,0.75
a420,a617,healthcare,0.4
a835,a812,abortion,0.5
a420,a546,deathpenalty,0.333333333
a230,a58,existenceofGod,0.4
a823,a795,guncontrol,0.333333333
a1,a235,abortion,0.5
a4,a477,gaymarriage,0.2
a390,a753,guncontrol,0.75
a406,a950,evolution,1.0
a613,a205,guncontrol,0.25
a342,a279,gaymarriage,0.5
a542,a855,abortion,0.2
a858,a69,marijuanalegalization,0.666666667
a813,a279,abortion,0.333333333
a950,a342,gaymarriage,0.5
a6,a73,evolution,0.4
a647,a717,abortion,0.4
a370,a261,evolution,0.4
a880,a543,gaymarriage,0.2
a864,a909,evolution,0.2
a466,a954,communismvscapitalism,0.25
a125,a865,guncontrol,0.25
a585,a779,abortion,0.2
a81,a468,evolution,0.2
a239,a383,existenceofGod,0.2
a1022,a242,gaymarriage,0.25
a928,a338,evolution,0.5
a500,a230,evolution,0.666666667
a717,a279,abortion,0.142857143
a955,a950,existenceofGod,0.428571429
a167,a265,abortion,0.5
a307,a799,climatechange,0.75
a762,a486,evolution,0.666666667
a624,a647,abortion,0.25
a224,a56,evolution,0.2
a417,a422,guncontrol,0.4
a474,a852,abortion,0.5
a992,a239,abortion,0.25
a647,a420,marijuanalegalization,0.2
a123,a403,evolution,0.5
a342,a637,gaymarriage,0.5
a370,a25,marijuanalegalization,0.666666667
a69,a370,evolution,0.4
a366,a384,abortion,0.142857143
a139,a20,gaymarriage,0.25
a497,a835,gaymarriage,0.25
a625,a4,gaymarriage,0.5
a279,a544,abortion,0.75
a610,a486,evolution,0.666666667
a358,a392,guncontrol,0.6
a815,a274,existenceofGod,0.166666667
a114,a936,abortion,0.142857143
a972,a583,existenceofGod,0.4
a279,a1013,abortion,0.5
a213,a69,gaymarriage,0.2
a556,a439,gaymarriage,0.666666667
a342,a281,climatechange,0.25
a546,a118,climatechange,0.2
a390,a613,guncontrol,0.25
a796,a197,evolution,0.5
a165,a230,existenceofGod,0.75
a181,a601,communismvscapitalism,0.8
a340,a556,gaymarriage,0.25
a560,a639,evolution,0.75
a366,a104,abortion,0.2
a497,a2,evolution,0.6
a358,a258,gaymarriage,0.5
a864,a397,gaymarriage,0.2
a203,a108,gaymarriage,0.2
a880,a242,gaymarriage,0.2
a384,a717,abortion,0.666666667
a882,a906,evolution,0.666666667
a480,a982,guncontrol,0.6
a34,a864,marijuanalegalization,0.666666667
a338,a657,evolution,0.5
a936,a114,abortion,1.0
a796,a796,evolution,0.5
a647,a86,abortion,0.25
a217,a251,guncontrol,0.25
a617,a73,evolution,0.4
a426,a631,abortion,0.142857143
a678,a274,existenceofGod,0.25
a617,a483,evolution,0.2
a472,a878,guncontrol,0.333333333
a834,a799,climatechange,0.75
a242,a807,gaymarriage,0.666666667
a226,a835,gaymarriage,0.25
a406,a4,evolution,0.2
a205,a639,guncontrol,0.25
a799,a601,communismvscapitalism,0.6
a644,a672,gaymarriage,0.2
a365,a952,abortion,0.25
a363,a647,abortion,0.2
a463,a54,gaymarriage,0.6
a675,a928,abortion,0.5
a647,a242,gaymarriage,0.666666667
a420,a546,existenceofGod,0.25
a25,a406,evolution,0.25
a325,a20,gaymarriage,0.2
a556,a239,gaymarriage,0.666666667
a242,a279,gaymarriage,0.333333333
a406,a892,evolution,0.333333333
a118,a614,climatechange,0.2
a384,a366,abortion,0.142857143
a902,a165,existenceofGod,0.2
a279,a211,abortion,0.5
a636,a717,abortion,0.4
a370,a57,evolution,1.0
a617,a81,evolution,0.2
a370,a4,guncontrol,0.25
a325,a796,abortion,0.2
a4,a863,existenceofGod,0.428571429
a684,a615,guncontrol,0.25
a632,a950,existenceofGod,0.5
a343,a653,evolution,0.2
a25,a885,marijuanalegalization,0.666666667
a899,a325,evolution,0.4
a118,a273,guncontrol,0.333333333
a358,a358,existenceofGod,0.4
a342,a610,evolution,0.666666667
a509,a749,guncontrol,0.666666667
a500,a638,evolution,0.6
a420,a279,healthcare,0.4
a359,a823,guncontrol,0.333333333
a639,a520,evolution,0.5
a642,a69,evolution,0.4
a960,a325,healthcare,0.333333333
a543,a370,gaymarriage,0.2
a307,a838,evolution,0.142857143
a577,a982,guncontrol,0.75
a217,a363,evolution,0.833333333
a952,a135,abortion,0.4
a486,a798,gaymarriage,0.2
a617,a62,evolution,0.6
a868,a20,existenceofGod,0.2
a20,a139,gaymarriage,0.25
a197,a835,gaymarriage,0.333333333
a24,a279,abortion,0.2
a689,a69,evolution,0.333333333
a165,a868,existenceofGod,0.2
a343,a634,evolution,0.2
a852,a799,communismvscapitalism,0.8
a859,a859,evolution,0.5
a796,a542,abortion,0.2
a601,a453,existenceofGod,0.833333333
a955,a955,existenceofGod,0.833333333
a383,a370,existenceofGod,0.2
a753,a205,guncontrol,0.75
a342,a597,gaymarriage,0.333333333
a790,a197,evolution,0.833333333
a197,a135,abortion,0.4
a420,a420,gaymarriage,0.2
a972,a383,abortion,0.25
a377,a950,existenceofGod,0.166666667
a34,a295,marijuanalegalization,0.666666667
a420,a663,abortion,0.2
a672,a864,existenceofGod,0.2
a497,a55,gaymarriage,0.333333333
a46,a743,guncontrol,0.5
a756,a4,gaymarriage,0.4
a239,a97,abortion,0.25
a647,a62,evolution,0.166666667
a242,a299,gaymarriage,0.666666667
a284,a239,climatechange,0.2
a381,a381,evolution,0.5
a717,a663,abortion,0.142857143
a325,a325,climatechange,0.5
a420,a634,gaymarriage,0.666666667
a69,a279,gaymarriage,0.2
a827,a707,evolution,0.4
a260,a307,climatechange,0.75
a823,a753,guncontrol,0.75
a755,a556,existenceofGod,0.4
a950,a377,existenceofGod,0.166666667
a823,a942,guncontrol,0.333333333
a837,a977,existenceofGod,0.25
a406,a342,evolution,0.4
a755,a642,abortion,0.4
a165,a647,guncontrol,0.5
a717,a950,abortion,0.4
a663,a366,abortion,0.142857143
a1019,a69,climatechange,0.2
a954,a823,guncontrol,0.25
a366,a954,abortion,0.2
a81,a617,evolution,0.2
a474,a167,abortion,0.5
a617,a325,evolution,0.4
a617,a370,evolution,0.2
a123,a972,evolution,0.5
a123,a62,evolution,0.5
a197,a875,evolution,0.5
a899,a899,guncontrol,0.25
a835,a370,marijuanalegalization,0.666666667
a613,a613,deathpenalty,0.2
a279,a69,abortion,0.5
a678,a823,guncontrol,0.333333333
a181,a639,evolution,0.75
a538,a864,gaymarriage,0.2
a197,a796,evolution,0.5
a138,a138,abortion,0.5
a528,a528,evolution,0.142857143
a921,a62,evolution,0.166666667
a541,a384,abortion,0.666666667
a420,a695,gaymarriage,0.2
a832,a722,guncontrol,0.75
a20,a342,gaymarriage,0.2
a285,a230,evolution,0.333333333
a1005,a546,evolution,0.666666667
a375,a852,abortion,0.5
a165,a864,existenceofGod,0.75
a950,a274,existenceofGod,0.428571429
a444,a617,gaymarriage,0.25
a325,a62,evolution,0.5
a497,a512,gaymarriage,0.666666667
a224,a40,existenceofGod,0.428571429
a780,a69,guncontrol,0.333333333
a866,a928,abortion,0.5
a444,a632,gaymarriage,0.666666667
a865,a780,guncontrol,0.666666667
a835,a943,gaymarriage,0.5
a370,a424,abortion,0.25
a397,a864,gaymarriage,0.2
a721,a239,existenceofGod,0.4
a602,a279,abortion,0.5
a342,a857,gaymarriage,0.4
a876,a40,existenceofGod,0.25
a577,a928,guncontrol,0.8
a876,a230,existenceofGod,0.166666667
a710,a281,climatechange,0.25
a370,a279,climatechange,0.25
a118,a370,guncontrol,0.25
a62,a790,evolution,0.166666667
a807,a505,existenceofGod,0.2
a384,a556,existenceofGod,0.4
a583,a225,abortion,0.5
a230,a864,evolution,0.666666667
a857,a857,gaymarriage,0.2
a692,a225,abortion,0.5
a285,a857,gaymarriage,0.5
a647,a861,existenceofGod,0.666666667
a857,a24,gaymarriage,0.4
a556,a868,gaymarriage,0.666666667
a952,a363,abortion,0.5
a370,a420,climatechange,0.75
a893,a935,guncontrol,0.25
a864,a634,gaymarriage,0.4
a647,a972,existenceofGod,0.4
a921,a203,evolution,0.666666667
a678,a261,evolution,0.4
a197,a363,evolution,0.833333333
a168,a125,guncontrol,0.4
a835,a950,evolution,1.0
a859,a876,abortion,0.5
a34,a717,climatechange,0.75
a952,a384,abortion,0.666666667
a807,a239,gaymarriage,0.2
a472,a562,existenceofGod,0.25
a793,a279,marijuanalegalization,0.666666667
a543,a358,gaymarriage,0.5
a798,a538,gaymarriage,0.2
a120,a62,evolution,0.2
a12,a46,guncontrol,0.2
a647,a383,existenceofGod,0.2
a483,a928,evolution,0.5
a790,a935,guncontrol,0.333333333
a756,a366,abortion,0.5
a108,a625,gaymarriage,0.2
a366,a114,abortion,0.5
a370,a637,gaymarriage,0.5
a370,a955,abortion,0.75
a370,a538,gaymarriage,0.2
a390,a420,guncontrol,0.25
a242,a24,gaymarriage,0.4
a255,a279,abortion,0.2
a717,a671,abortion,0.5
a804,a952,abortion,0.4
a406,a790,evolution,0.5
a790,a254,existenceofGod,0.666666667
a472,a505,existenceofGod,0.5
a224,a224,existenceofGod,0.428571429
a624,a466,gaymarriage,0.5
a270,a707,evolution,0.4
a835,a274,existenceofGod,0.428571429
a56,a370,existenceofGod,0.428571429
a972,a542,abortion,0.2
a725,a325,evolution,0.833333333
a205,a151,guncontrol,0.8
a270,a583,existenceofGod,0.4
a896,a325,healthcare,0.333333333
a717,a257,climatechange,0.75
a653,a796,evolution,0.5
a197,a505,deathpenalty,0.166666667
a342,a586,evolution,0.2
a977,a205,guncontrol,0.75
a538,a279,gaymarriage,0.25
a583,a383,existenceofGod,0.2
a538,a857,gaymarriage,0.2
a790,a123,evolution,0.5
a430,a165,existenceofGod,0.2
a717,a585,abortion,0.2
a695,a424,abortion,0.25
a556,a325,gaymarriage,0.666666667
a406,a951,evolution,0.333333333
a601,a422,existenceofGod,0.833333333
a242,a342,gaymarriage,0.5
a365,a640,abortion,0.25
a928,a546,evolution,0.142857143
a928,a659,evolution,0.5
a741,a672,gaymarriage,0.2
a377,a876,existenceofGod,0.166666667
a500,a899,evolution,0.666666667
a486,a543,gaymarriage,0.25
a899,a950,existenceofGod,0.5
a370,a602,gaymarriage,0.2
a625,a213,gaymarriage,0.2
a165,a430,existenceofGod,0.2
a239,a58,existenceofGod,0.4
a835,a543,gaymarriage,0.333333333
a928,a757,evolution,0.5
a239,a972,existenceofGod,0.2
a497,a538,gaymarriage,0.4
a242,a505,existenceofGod,0.2
a230,a270,existenceofGod,0.4
a204,a167,abortion,0.5
a842,a56,guncontrol,0.666666667
a736,a420,gaymarriage,0.666666667
a546,a420,deathpenalty,0.333333333
a928,a577,guncontrol,0.8
a125,a316,guncontrol,0.333333333
a543,a543,gaymarriage,0.333333333
a107,a107,guncontrol,0.25
a366,a972,abortion,0.5
a384,a342,gaymarriage,0.2
a197,a316,abortion,0.4
a279,a94,abortion,0.5
a634,a695,gaymarriage,0.666666667
a497,a24,gaymarriage,0.4
a835,a276,guncontrol,0.25
a972,a950,existenceofGod,0.5
a343,a125,guncontrol,0.2
a298,a242,gaymarriage,0.666666667
a979,a707,evolution,0.4
a972,a2,evolution,0.6
a325,a658,evolution,0.2
a46,a366,guncontrol,0.2
a279,a366,abortion,0.2
a497,a139,gaymarriage,0.4
a91,a614,climatechange,0.2
a281,a370,marijuanalegalization,0.666666667
a343,a790,evolution,0.2
a823,a343,evolution,1.0
a876,a653,evolution,0.833333333
a70,a230,evolution,0.666666667
a684,a39,guncontrol,0.25
a717,a206,abortion,0.5
a972,a717,abortion,0.2
a852,a825,abortion,0.5
a543,a972,gaymarriage,0.2
a888,a69,gaymarriage,0.2
a497,a634,gaymarriage,0.2
a406,a343,evolution,0.166666667
a972,a325,guncontrol,0.5
a242,a20,gaymarriage,0.25
a546,a717,existenceofGod,0.333333333
a63,a205,guncontrol,0.8
a54,a928,evolution,0.142857143
a546,a863,existenceofGod,0.428571429
a251,a647,abortion,0.4
a902,a864,existenceofGod,0.75
a717,a717,abortion,0.2
a370,a597,gaymarriage,0.333333333
a614,a91,climatechange,0.2
a717,a383,existenceofGod,0.2
a546,a62,evolution,0.166666667
a569,a363,existenceofGod,0.2
a514,a884,guncontrol,0.25
a653,a239,evolution,0.833333333
a205,a982,communismvscapitalism,0.8
a468,a790,evolution,0.166666667
a468,a343,evolution,0.166666667
a859,a167,abortion,0.5
a909,a864,evolution,0.2
a341,a585,abortion,0.2
a755,a419,abortion,0.4
a992,a365,abortion,0.25
a642,a420,climatechange,0.25
a406,a230,evolution,0.4
a424,a695,abortion,0.25
a857,a754,abortion,0.2
a799,a977,communismvscapitalism,0.8
a647,a880,abortion,0.5
a230,a224,evolution,0.666666667
a257,a717,climatechange,0.75
a625,a497,gaymarriage,0.2
a125,a546,climatechange,0.2
a825,a859,abortion,0.5
a762,a406,evolution,0.666666667
a982,a499,guncontrol,0.25
a235,a167,abortion,0.5
a876,a463,gaymarriage,0.6
a279,a835,gaymarriage,0.333333333
a406,a921,evolution,0.666666667
a835,a135,abortion,0.333333333
a242,a295,existenceofGod,0.2
a717,a678,abortion,0.2
a108,a538,gaymarriage,0.2
a486,a909,evolution,0.2
a69,a230,evolution,0.666666667
a279,a695,gaymarriage,0.666666667
a876,a852,abortion,0.5
a717,a197,abortion,0.333333333
a624,a125,existenceofGod,0.25
a601,a825,existenceofGod,0.833333333
a497,a213,gaymarriage,0.2
a928,a205,guncontrol,0.8
a952,a370,existenceofGod,0.166666667
a358,a384,existenceofGod,0.4
a983,a346,gaymarriage,0.666666667
a211,a798,gaymarriage,0.2
a980,a653,evolution,0.2
a230,a717,existenceofGod,0.75
a279,a647,abortion,0.2
a583,a165,guncontrol,0.5
a796,a790,evolution,0.5
a950,a213,existenceofGod,0.5
a780,a141,guncontrol,0.25
a857,a497,gaymarriage,0.4
a876,a307,existenceofGod,0.25
a866,a343,healthcare,0.25
a365,a370,abortion,0.25
a952,a365,abortion,0.25
a114,a242,abortion,0.2
a695,a717,abortion,0.333333333
a935,a125,guncontrol,0.333333333
a281,a710,climatechange,0.25
a982,a205,communismvscapitalism,0.8
a634,a864,gaymarriage,0.4
a613,a613,guncontrol,0.25
a717,a811,abortion,0.25
a279,a370,abortion,0.2
a835,a118,marijuanalegalization,0.666666667
a550,a930,gaymarriage,0.6
a620,a637,gaymarriage,0.2
a577,a601,guncontrol,0.4
a771,a707,evolution,0.4
a370,a472,existenceofGod,0.5
a242,a518,gaymarriage,0.2
a546,a955,existenceofGod,0.428571429
a366,a86,abortion,0.25
a370,a678,existenceofGod,0.4
a695,a370,abortion,0.4
a528,a928,evolution,0.5
a613,a823,guncontrol,0.4
a486,a24,gaymarriage,0.4
a4,a798,gaymarriage,0.2
a859,a483,evolution,0.5
a242,a439,gaymarriage,0.666666667
a918,a707,evolution,0.4
a678,a125,guncontrol,0.333333333
a114,a678,abortion,0.2
a899,a230,existenceofGod,0.5
a859,a253,gaymarriage,0.6
a4,a815,evolution,0.2
a497,a695,gaymarriage,0.333333333
a930,a852,gaymarriage,0.6
a128,a952,abortion,0.75
a253,a859,gaymarriage,0.6
a251,a160,evolution,0.2
a281,a1030,marijuanalegalization,0.666666667
a859,a1026,evolution,0.5
a798,a798,gaymarriage,0.2
a972,a972,gaymarriage,0.2
a31,a125,guncontrol,0.2
a472,a420,abortion,0.5
a397,a279,gaymarriage,0.2
a859,a550,gaymarriage,0.6
a859,a1020,evolution,0.5
a135,a695,abortion,0.4
a863,a810,evolution,0.6
a40,a420,deathpenalty,0.333333333
a857,a108,gaymarriage,0.2
a486,a500,evolution,0.666666667
a197,a804,abortion,0.4
a780,a370,guncontrol,0.6
a70,a342,evolution,0.25
a950,a69,existenceofGod,0.5
a390,a472,guncontrol,0.4
a624,a366,gaymarriage,0.5
a864,a342,evolution,0.5
a892,a928,evolution,0.5
a755,a798,gaymarriage,0.2
a165,a444,existenceofGod,0.2
a731,a358,gaymarriage,0.5
a197,a420,existenceofGod,0.25
a811,a424,abortion,0.25
a743,a717,guncontrol,0.5
a125,a125,guncontrol,0.333333333
a799,a928,communismvscapitalism,0.8
a972,a370,abortion,0.25
a721,a695,existenceofGod,0.4
a562,a695,existenceofGod,0.25
a325,a855,gaymarriage,0.666666667
a538,a497,gaymarriage,0.25
a265,a167,abortion,0.5
a823,a125,guncontrol,0.333333333
a108,a358,gaymarriage,0.25
a909,a906,evolution,0.4
a300,a342,existenceofGod,0.666666667
a780,a942,guncontrol,0.333333333
a617,a58,gaymarriage,0.25
a285,a420,climatechange,0.75
a56,a995,evolution,0.2
a790,a585,existenceofGod,0.5
a717,a617,abortion,0.4
a24,a4,gaymarriage,0.4
a632,a807,existenceofGod,0.5
a500,a242,gaymarriage,0.5
a343,a835,climatechange,0.25
a230,a34,existenceofGod,0.75
a69,a92,existenceofGod,0.5
a950,a631,abortion,0.142857143
a270,a928,evolution,0.5
a908,a255,abortion,0.2
a613,a577,guncontrol,0.4
a632,a583,existenceofGod,0.4
a950,a695,existenceofGod,0.5
a69,a261,evolution,0.4
a928,a864,existenceofGod,0.25
a954,a864,gaymarriage,0.2
a892,a525,evolution,0.5
a259,a624,existenceofGod,0.25
a40,a420,evolution,0.2
a780,a103,guncontrol,0.2
a972,a243,abortion,0.5
a56,a835,climatechange,0.25
a594,a982,guncontrol,0.6
a950,a230,existenceofGod,0.5
a678,a928,existenceofGod,0.25
a583,a58,existenceofGod,0.4
a366,a866,healthcare,0.25
a242,a902,gaymarriage,0.333333333
a165,a165,marijuanalegalization,0.666666667
a384,a279,gaymarriage,0.333333333
a950,a790,evolution,0.5
a118,a638,evolution,0.6
a972,a497,gaymarriage,0.2
a384,a242,gaymarriage,0.333333333
a541,a717,abortion,0.666666667
a613,a366,guncontrol,0.25
a707,a639,evolution,0.75
a982,a864,guncontrol,0.6
a342,a790,existenceofGod,0.25
a274,a637,abortion,1.0
a928,a928,existenceofGod,0.25
a721,a342,existenceofGod,0.4
a852,a859,abortion,0.5
a864,a69,evolution,0.5
a838,a838,evolution,0.142857143
a325,a864,evolution,0.833333333
a497,a625,gaymarriage,0.4
a108,a203,gaymarriage,0.2
a370,a358,gaymarriage,0.5
a187,a982,guncontrol,0.75
a852,a928,evolution,0.5
a123,a790,evolution,0.5
a634,a165,existenceofGod,0.2
a242,a384,gaymarriage,0.333333333
a125,a69,guncontrol,0.333333333
a647,a58,existenceofGod,0.4
a562,a717,existenceofGod,0.25
a835,a695,marijuanalegalization,0.666666667
a921,a790,evolution,0.6
a858,a430,marijuanalegalization,0.666666667
a857,a543,gaymarriage,0.5
a468,a617,evolution,0.2
a4,a108,gaymarriage,0.2
a345,a1005,evolution,0.142857143
a323,a56,evolution,0.5
a950,a835,marijuanalegalization,0.666666667
a893,a798,gaymarriage,0.2
a893,a857,gaymarriage,0.2
a541,a835,abortion,0.666666667
a647,a97,abortion,0.25
a717,a717,guncontrol,0.5
a695,a242,gaymarriage,0.333333333
a242,a114,abortion,0.2
a695,a634,gaymarriage,0.666666667
a230,a251,existenceofGod,0.75
a377,a230,existenceofGod,0.166666667
a804,a755,abortion,0.4
a420,a242,gaymarriage,0.2
a6,a503,evolution,0.4
a717,a46,guncontrol,0.5
a835,a695,abortion,0.25
a69,a420,guncontrol,0.25
a215,a235,abortion,0.5
a624,a607,gaymarriage,0.5
a483,a479,evolution,0.5
a852,a780,guncontrol,0.6
a230,a880,existenceofGod,0.666666667
a790,a692,abortion,0.5
a20,a695,existenceofGod,0.2
a790,a790,evolution,0.2
a876,a864,existenceofGod,0.2
a717,a972,abortion,0.25
a342,a556,existenceofGod,0.4
a658,a325,evolution,0.2
a695,a972,gaymarriage,0.2
a197,a695,abortion,0.4
a230,a20,existenceofGod,0.75
a634,a855,gaymarriage,0.666666667
a107,a165,guncontrol,0.5
a165,a231,existenceofGod,0.75
a20,a617,gaymarriage,0.25
a864,a876,evolution,0.833333333
a258,a370,gaymarriage,0.5
a268,a823,guncontrol,0.666666667
a928,a483,evolution,0.5
a125,a420,deathpenalty,0.333333333
a343,a695,evolution,0.166666667
a128,a341,abortion,0.333333333
a370,a363,existenceofGod,0.25
a358,a943,gaymarriage,0.5
a983,a279,gaymarriage,0.666666667
a935,a717,guncontrol,0.5
a717,a955,abortion,0.2
a928,a771,evolution,0.5
a806,a806,climatechange,0.75
a972,a980,evolution,0.2
a279,a197,gaymarriage,0.333333333
a857,a370,gaymarriage,0.2
a472,a472,evolution,0.666666667
a307,a823,guncontrol,0.4
a167,a235,abortion,0.5
a583,a239,existenceofGod,0.4
a281,a342,climatechange,0.25
a461,a461,evolution,0.2
a835,a835,marijuanalegalization,0.2
a825,a639,evolution,0.75
a951,a406,evolution,0.333333333
a113,a646,evolution,0.666666667
a274,a876,existenceofGod,0.166666667
a20,a717,existenceofGod,0.4
a740,a69,evolution,0.666666667
a69,a125,deathpenalty,0.333333333
a197,a279,abortion,0.333333333
a34,a251,existenceofGod,0.75
a20,a295,marijuanalegalization,0.666666667
a823,a4,guncontrol,0.25
a647,a279,marijuanalegalization,0.2
a197,a261,evolution,0.4
a94,a279,abortion,0.5
a338,a91,abortion,0.4
a825,a338,evolution,0.5
a5,a366,abortion,0.5
a279,a807,gaymarriage,0.666666667
a982,a823,guncontrol,0.333333333
a46,a420,guncontrol,0.5
a1019,a572,evolution,0.142857143
a835,a279,marijuanalegalization,0.2
a468,a980,evolution,0.2
a205,a577,guncontrol,0.2
a667,a111,evolution,0.4
a663,a316,abortion,0.2
a684,a276,guncontrol,0.25
a710,a518,gaymarriage,0.2
a678,a1029,existenceofGod,0.4
a20,a384,abortion,0.666666667
a46,a46,guncontrol,0.2
a104,a420,deathpenalty,0.333333333
a197,a864,evolution,0.5
a938,a406,evolution,0.166666667
a193,a857,gaymarriage,0.5
a345,a69,evolution,0.5
a886,a472,evolution,0.666666667
a165,a342,evolution,0.5
a279,a908,abortion,0.2
a543,a279,gaymarriage,0.2
a855,a543,gaymarriage,0.666666667
a55,a279,gaymarriage,0.333333333
a251,a34,climatechange,0.75
a94,a228,abortion,0.5
a20,a232,gaymarriage,0.25
a370,a135,abortion,0.4
a403,a403,evolution,0.6
a97,a279,abortion,0.25
a370,a500,evolution,0.666666667
a325,a503,evolution,0.4
a950,a4,existenceofGod,0.428571429
a206,a717,abortion,0.5
a461,a893,evolution,0.2
a345,a230,evolution,0.5
a823,a104,guncontrol,0.5
a383,a717,existenceofGod,0.2
a928,a471,evolution,0.5
a430,a20,existenceofGod,0.2
a857,a211,gaymarriage,0.2
a804,a804,abortion,0.4
a624,a1,gaymarriage,0.5
a125,a678,guncontrol,0.333333333
a857,a893,gaymarriage,0.2
a638,a118,evolution,0.6
a588,a24,abortion,0.2
a823,a387,guncontrol,0.333333333
a835,a1,gaymarriage,0.5
a972,a695,abortion,0.2
a279,a756,abortion,0.5
a950,a40,evolution,0.6
a231,a790,guncontrol,0.333333333
a556,a617,gaymarriage,0.25
a880,a647,abortion,0.4
a936,a859,abortion,0.5
a647,a624,abortion,0.25
a495,a366,abortion,0.5
a876,a859,evolution,0.5
a34,a251,climatechange,0.75
a736,a497,gaymarriage,0.2
a230,a98,evolution,0.666666667
a91,a396,deathpenalty,0.2
a4,a950,existenceofGod,0.428571429
a678,a866,healthcare,0.25
a366,a261,abortion,0.2
a211,a857,gaymarriage,0.2
a790,a316,guncontrol,0.333333333
a384,a328,gaymarriage,0.2
a920,a601,communismvscapitalism,0.6
a864,a864,existenceofGod,0.75
a325,a420,guncontrol,0.5
a4,a370,gaymarriage,0.5
a420,a342,healthcare,0.4
a430,a858,marijuanalegalization,0.666666667
a205,a601,guncontrol,0.4
a755,a279,gaymarriage,0.333333333
a268,a509,guncontrol,0.666666667
a365,a820,abortion,0.25
a396,a613,deathpenalty,0.2
a825,a707,evolution,0.4
a678,a995,evolution,0.2
a804,a135,abortion,0.4
a500,a342,evolution,0.666666667
a279,a655,abortion,0.5
a625,a625,gaymarriage,0.2
a977,a977,existenceofGod,0.25
a370,a366,abortion,0.2
a299,a424,abortion,0.25
a624,a793,marijuanalegalization,0.666666667
a634,a902,gaymarriage,0.333333333
a345,a165,evolution,0.5
a546,a823,deathpenalty,0.333333333
a232,a58,existenceofGod,0.4
a424,a370,abortion,0.25
a940,a155,guncontrol,0.25
a485,a717,guncontrol,0.5
a420,a949,marijuanalegalization,0.666666667
a125,a847,guncontrol,0.333333333
a177,a867,climatechange,0.75
a615,a551,deathpenalty,0.2
a576,a707,abortion,0.5
a279,a748,gaymarriage,0.2
a197,a876,existenceofGod,0.25
a299,a647,abortion,0.2
a678,a717,abortion,0.2
a254,a583,existenceofGod,0.666666667
a114,a631,abortion,0.142857143
a864,a678,evolution,0.4
a928,a832,guncontrol,0.4
a528,a875,evolution,0.5
a206,a69,abortion,0.5
a717,a424,abortion,0.25
a695,a342,evolution,0.2
a892,a224,evolution,0.333333333
a906,a279,abortion,0.2
a525,a932,abortion,0.4
a924,a823,guncontrol,0.333333333
a62,a647,evolution,0.166666667
a954,a780,guncontrol,0.25
a342,a864,evolution,0.5
a832,a205,guncontrol,0.2
a624,a755,gaymarriage,0.333333333
a295,a34,marijuanalegalization,0.666666667
a972,a325,evolution,0.4
a132,a899,evolution,0.833333333
a500,a370,evolution,0.666666667
a69,a253,gaymarriage,0.5
a935,a268,guncontrol,0.666666667
a384,a20,existenceofGod,0.4
a790,a20,existenceofGod,0.25
a695,a281,marijuanalegalization,0.666666667
a835,a541,abortion,0.666666667
a972,a952,abortion,0.5
a370,a213,existenceofGod,0.5
a560,a601,communismvscapitalism,0.8
a466,a342,gaymarriage,0.5
a561,a888,gaymarriage,0.2
a230,a740,evolution,0.666666667
a325,a279,gaymarriage,0.2
a118,a177,climatechange,0.5
a577,a195,guncontrol,0.25
a495,a859,abortion,0.5
a952,a695,abortion,0.4
a20,a556,gaymarriage,0.25
a230,a472,evolution,0.666666667
a342,a466,gaymarriage,0.5
a12,a279,guncontrol,0.5
a422,a982,guncontrol,0.75
a2,a876,existenceofGod,0.166666667
a755,a197,gaymarriage,0.333333333
a420,a390,guncontrol,0.25
a1019,a370,guncontrol,0.6
a4,a756,gaymarriage,0.4
a825,a780,guncontrol,0.8
a406,a882,evolution,0.666666667
a497,a893,gaymarriage,0.25
a717,a20,existenceofGod,0.25
a546,a637,gaymarriage,0.5
a987,a806,climatechange,0.75
a610,a230,evolution,0.666666667
a740,a740,evolution,0.666666667
a556,a186,existenceofGod,0.4
a617,a20,gaymarriage,0.25
a370,a928,evolution,0.142857143
a274,a4,existenceofGod,0.428571429
a20,a899,existenceofGod,0.4
a58,a583,existenceofGod,0.4
a543,a239,gaymarriage,0.2
a864,a420,existenceofGod,0.166666667
a274,a950,existenceofGod,0.428571429
a755,a880,abortion,0.4
a370,a717,abortion,0.2
a279,a370,climatechange,0.25
a796,a406,evolution,0.5
a807,a420,gaymarriage,0.2
a950,a972,existenceofGod,0.5
a876,a346,existenceofGod,0.166666667
a316,a950,marijuanalegalization,0.666666667
a951,a382,evolution,0.333333333
a24,a857,gaymarriage,0.2
a880,a165,abortion,0.4
a577,a422,guncontrol,0.4
a624,a342,gaymarriage,0.5
a69,a689,evolution,0.333333333
a472,a500,evolution,0.6
a621,a4,gaymarriage,0.4
a91,a601,communismvscapitalism,0.8
a383,a230,existenceofGod,0.2
a634,a585,gaymarriage,0.666666667
a980,a979,evolution,0.4
a370,a695,existenceofGod,0.5
a617,a342,healthcare,0.4
a663,a223,abortion,0.2
a868,a556,gaymarriage,0.666666667
a717,a647,abortion,0.25
a634,a325,existenceofGod,0.666666667
a982,a390,guncontrol,0.2
a439,a632,gaymarriage,0.666666667
a420,a497,gaymarriage,0.333333333
a279,a279,gaymarriage,0.333333333
a403,a796,evolution,0.5
a546,a1,gaymarriage,0.5
a251,a34,existenceofGod,0.75
a257,a370,existenceofGod,0.333333333
a135,a641,abortion,0.4
a601,a601,existenceofGod,0.833333333
a780,a205,guncontrol,0.2
a637,a69,abortion,1.0
a855,a793,gaymarriage,0.666666667
a406,a689,evolution,0.333333333
a717,a835,abortion,0.333333333
a197,a24,deathpenalty,0.2
a864,a165,evolution,0.5
a420,a279,climatechange,0.75
a859,a381,evolution,0.5
a528,a838,evolution,0.142857143
a120,a123,evolution,0.2
a279,a717,abortion,0.75
a497,a736,gaymarriage,0.2
a135,a279,abortion,0.333333333
a274,a224,existenceofGod,0.25
a909,a241,evolution,0.2
a366,a163,gaymarriage,0.5
a239,a721,existenceofGod,0.4
a893,a543,gaymarriage,0.2
a260,a274,evolution,0.2
a544,a384,abortion,0.2
a859,a525,evolution,0.5
a4,a543,gaymarriage,0.2
a279,a625,gaymarriage,0.2
a610,a197,evolution,0.666666667
a780,a1010,guncontrol,0.25
a779,a34,existenceofGod,0.75
a583,a363,existenceofGod,0.25
a314,a601,communismvscapitalism,0.8
a502,a358,gaymarriage,0.25
a239,a864,evolution,0.833333333
a857,a69,gaymarriage,0.2
a205,a63,guncontrol,0.8
a615,a613,deathpenalty,0.2
a58,a6,existenceofGod,0.4
a950,a546,existenceofGod,0.428571429
a546,a358,gaymarriage,0.5
a69,a514,evolution,0.4
a251,a647,guncontrol,0.25
a855,a634,gaymarriage,0.666666667
a167,a852,abortion,0.5
a205,a422,guncontrol,0.4
a279,a692,abortion,0.5
a632,a556,gaymarriage,0.666666667
a26,a577,guncontrol,0.25
a276,a39,guncontrol,0.25
a316,a125,guncontrol,0.25
a855,a230,gaymarriage,0.666666667
a341,a968,abortion,0.2
a796,a325,evolution,0.5
a55,a253,gaymarriage,0.333333333
a972,a123,evolution,0.6
a842,a613,deathpenalty,0.8
a982,a577,guncontrol,0.75
a509,a34,existenceofGod,0.75
a695,a58,gaymarriage,0.25
a300,a692,existenceofGod,0.666666667
a472,a279,abortion,0.5
a995,a815,evolution,0.2
a736,a855,gaymarriage,0.666666667
a420,a717,guncontrol,0.5
a390,a954,guncontrol,0.25
a358,a69,gaymarriage,0.25
a55,a634,gaymarriage,0.333333333
a546,a197,evolution,0.4
a232,a583,existenceofGod,0.4
a624,a370,existenceofGod,0.25
a482,a928,evolution,0.5
a343,a866,healthcare,0.25
a279,a242,abortion,0.2
a535,a678,guncontrol,0.333333333
a73,a73,evolution,0.4
a24,a588,abortion,0.2
a224,a928,evolution,0.5
a634,a171,guncontrol,0.8
a49,a366,abortion,0.2
a637,a342,gaymarriage,0.5
a211,a472,abortion,0.5
a325,a406,evolution,0.6
a921,a921,evolution,0.166666667
a968,a242,abortion,0.2
a613,a615,deathpenalty,0.2
a514,a678,evolution,0.4
a302,a987,abortion,0.5
a34,a34,existenceofGod,0.75
a717,a634,existenceofGod,0.75
a865,a118,guncontrol,0.25
a242,a634,gaymarriage,0.333333333
a736,a239,gaymarriage,0.666666667
a368,a41,guncontrol,0.2
a125,a866,guncontrol,0.2
a328,a328,gaymarriage,0.5
a855,a912,gaymarriage,0.666666667
a928,a224,existenceofGod,0.25
a659,a323,evolution,0.5
a556,a556,existenceofGod,0.4
a653,a370,evolution,0.75
a285,a260,climatechange,0.75
a617,a294,evolution,0.4
a54,a463,gaymarriage,0.6
a950,a6,guncontrol,0.2
a54,a859,gaymarriage,0.6
a264,a242,abortion,0.2
a370,a342,climatechange,0.25
a444,a444,existenceofGod,0.2
a108,a602,gaymarriage,0.2
a798,a857,gaymarriage,0.2
a422,a205,guncontrol,0.4
a383,a717,abortion,0.25
a823,a390,guncontrol,0.4
a543,a165,existenceofGod,0.2
a340,a231,existenceofGod,0.2
a873,a217,guncontrol,0.25
a556,a340,existenceofGod,0.2
a736,a736,gaymarriage,0.666666667
a139,a864,gaymarriage,0.4
a205,a107,guncontrol,0.4
a230,a342,evolution,0.5
a123,a695,evolution,0.166666667
a205,a753,guncontrol,0.75
a717,a97,abortion,0.25
a4,a1029,gaymarriage,0.25
a230,a132,evolution,0.833333333
a114,a211,abortion,0.5
a230,a203,evolution,0.666666667
a497,a342,gaymarriage,0.2
a365,a992,abortion,0.25
a942,a942,guncontrol,0.333333333
a40,a876,existenceofGod,0.25
a972,a86,abortion,0.25
a20,a242,gaymarriage,0.25
a655,a279,abortion,0.5
a316,a370,guncontrol,0.333333333
a556,a342,healthcare,0.4
a279,a346,gaymarriage,0.666666667
a123,a123,evolution,0.5
a558,a752,climatechange,0.5
a125,a343,guncontrol,0.2
a876,a483,evolution,0.5
a370,a197,existenceofGod,0.25
a274,a863,existenceofGod,0.428571429
a4,a224,gaymarriage,0.333333333
a928,a224,evolution,0.5
a165,a543,existenceofGod,0.2
a493,a342,gaymarriage,0.333333333
a867,a546,climatechange,0.75
a855,a542,abortion,0.2
a418,a300,abortion,0.4
a615,a684,guncontrol,0.25
a857,a798,gaymarriage,0.2
a546,a950,climatechange,0.2
a121,a284,guncontrol,0.666666667
a255,a384,abortion,0.2
a384,a585,abortion,0.2
a20,a232,existenceofGod,0.4
a497,a857,gaymarriage,0.2
a859,a1010,guncontrol,0.25
a409,a259,abortion,0.5
a866,a866,abortion,0.2
a125,a982,guncontrol,0.333333333
a41,a780,guncontrol,0.2
a370,a383,existenceofGod,0.2
a12,a717,guncontrol,0.5
a420,a950,climatechange,0.75
a6,a239,existenceofGod,0.4
a230,a242,existenceofGod,0.5
a823,a205,guncontrol,0.75
a1010,a613,guncontrol,0.25
a563,a982,guncontrol,0.2
a815,a4,evolution,0.2
a171,a37,guncontrol,0.8
a165,a885,marijuanalegalization,0.666666667
a935,a864,guncontrol,0.6
a184,a62,evolution,0.2
a69,a114,abortion,0.5
a257,a430,existenceofGod,0.333333333
a325,a232,evolution,0.4
a258,a358,gaymarriage,0.5
a695,a468,evolution,0.166666667
a1010,a205,guncontrol,0.25
a647,a366,abortion,0.25
a73,a6,evolution,0.4
a242,a226,gaymarriage,0.25
a982,a205,guncontrol,0.75
a885,a24,deathpenalty,0.2
a239,a230,existenceofGod,0.4
a69,a396,deathpenalty,0.2
a57,a886,evolution,0.666666667
a483,a876,evolution,0.5
a460,a486,evolution,0.666666667
a325,a972,gaymarriage,0.2
a316,a279,abortion,0.2
a835,a857,gaymarriage,0.2
a982,a977,guncontrol,0.75
a4,a24,gaymarriage,0.25
a717,a562,existenceofGod,0.25
a114,a279,abortion,0.2
a908,a279,deathpenalty,0.5
a525,a876,evolution,0.5
a893,a472,abortion,0.5
a4,a943,gaymarriage,0.2
a823,a866,healthcare,0.25
a4,a274,existenceofGod,0.428571429
a370,a242,gaymarriage,0.333333333
a69,a258,gaymarriage,0.5
a613,a908,guncontrol,0.4
a197,a406,evolution,0.25
a852,a205,guncontrol,0.8
a538,a242,gaymarriage,0.333333333
a741,a644,gaymarriage,0.2
a943,a546,gaymarriage,0.5
a325,a123,evolution,0.166666667
a370,a603,abortion,0.333333333
a299,a299,abortion,0.25
a823,a420,guncontrol,0.5
a316,a689,evolution,0.333333333
a241,a909,evolution,0.2
a107,a56,guncontrol,0.666666667
a835,a954,gaymarriage,0.25
a790,a343,evolution,0.2
a695,a279,abortion,0.5
a617,a123,evolution,0.2
a960,a864,existenceofGod,0.333333333
a546,a928,existenceofGod,0.25
a520,a859,evolution,0.5
a197,a325,evolution,0.5
a279,a624,gaymarriage,0.333333333
a341,a279,gaymarriage,0.333333333
a299,a952,abortion,0.25
a972,a855,gaymarriage,0.666666667
a197,a751,abortion,0.4
a135,a952,abortion,0.4
a420,a370,healthcare,0.4
a497,a69,gaymarriage,0.2
a647,a878,guncontrol,0.333333333
a165,a556,existenceofGod,0.2
a165,a583,guncontrol,0.5
a955,a453,existenceofGod,0.833333333
a624,a798,gaymarriage,0.2
a972,a343,evolution,0.166666667
a522,a804,abortion,0.4
a239,a653,evolution,0.833333333
a717,a647,guncontrol,0.5
a569,a20,existenceofGod,0.2
a695,a383,existenceofGod,0.2
a342,a231,evolution,0.5
a637,a678,abortion,1.0
a793,a855,gaymarriage,0.666666667
a62,a921,evolution,0.166666667
a863,a546,existenceofGod,0.428571429
a261,a650,evolution,0.4
a543,a497,gaymarriage,0.4
a617,a468,evolution,0.2
a798,a755,gaymarriage,0.2
a279,a20,gaymarriage,0.25
a757,a338,evolution,0.5
a279,a954,abortion,0.2
a34,a34,marijuanalegalization,0.666666667
a615,a823,guncontrol,0.25
a615,a613,guncontrol,0.25
a583,a232,existenceofGod,0.4
a497,a211,gaymarriage,0.2
a449,a835,marijuanalegalization,0.666666667
a960,a790,evolution,0.2
a823,a230,evolution,1.0
a780,a795,guncontrol,0.6
a692,a279,abortion,0.5
a370,a406,evolution,0.666666667
a906,a909,evolution,0.4
a384,a835,abortion,0.666666667
a468,a586,evolution,0.2
a920,a707,abortion,0.5
a299,a365,abortion,0.25
a790,a363,evolution,0.75
a899,a755,marijuanalegalization,0.666666667
a430,a279,marijuanalegalization,0.666666667
a406,a261,evolution,0.4
a931,a345,evolution,0.5
a316,a790,guncontrol,0.333333333
a543,a864,gaymarriage,0.2
a123,a197,evolution,0.5
a799,a806,climatechange,0.75
a69,a104,deathpenalty,0.333333333
a118,a546,climatechange,0.2
a279,a603,abortion,0.333333333
a950,a472,existenceofGod,0.5
a168,a835,guncontrol,0.4
a982,a780,guncontrol,0.333333333
a995,a56,evolution,0.2
a230,a546,existenceofGod,0.5
a790,a583,existenceofGod,0.666666667
a928,a780,guncontrol,0.4
a825,a525,evolution,0.5
a892,a863,evolution,0.6
a40,a847,deathpenalty,0.333333333
a370,a867,climatechange,0.75
a370,a420,existenceofGod,0.333333333
a20,a543,gaymarriage,0.2
a717,a230,existenceofGod,0.2
a274,a406,evolution,0.2
a346,a279,gaymarriage,0.666666667
a114,a717,abortion,0.2
a500,a931,evolution,0.666666667
a543,a1,gaymarriage,0.2
a497,a4,gaymarriage,0.4
a508,a647,abortion,0.4
a370,a835,marijuanalegalization,0.666666667
a950,a864,existenceofGod,0.5
a497,a561,gaymarriage,0.2
a790,a695,existenceofGod,0.25
a647,a749,guncontrol,0.666666667
a603,a279,abortion,0.333333333
a790,a62,evolution,0.166666667
a444,a556,gaymarriage,0.666666667
a40,a420,existenceofGod,0.25
a636,a197,abortion,0.4
a377,a695,existenceofGod,0.166666667
a556,a823,healthcare,0.4
a265,a422,abortion,0.5
a205,a1010,guncontrol,0.25
a342,a864,existenceofGod,0.25
a403,a979,climatechange,0.5
a859,a928,evolution,0.5
a928,a274,existenceofGod,0.25
a69,a740,evolution,0.666666667
a422,a269,abortion,0.166666667
a325,a239,gaymarriage,0.666666667
a274,a4,gaymarriage,0.2
a866,a140,guncontrol,0.2
a790,a406,evolution,0.5
a982,a151,guncontrol,0.8
a807,a632,existenceofGod,0.5
a203,a230,evolution,0.666666667
a936,a602,abortion,0.5
a823,a982,guncontrol,0.333333333
a525,a928,evolution,0.5
a424,a424,abortion,0.25
a564,a614,climatechange,0.2
a165,a717,abortion,0.4
a538,a543,gaymarriage,0.2
a243,a500,gaymarriage,0.5
a864,a546,existenceofGod,0.333333333
a859,a852,abortion,0.5
a546,a98,evolution,0.666666667
a943,a637,gaymarriage,0.5
a637,a370,gaymarriage,0.5
a251,a509,gaymarriage,0.333333333
a230,a358,existenceofGod,0.4
a807,a279,gaymarriage,0.666666667
a615,a563,guncontrol,0.2
a4,a4,gaymarriage,0.5
a406,a279,evolution,0.833333333
a835,a20,existenceofGod,0.428571429
a717,a203,abortion,0.666666667
a114,a366,abortion,0.2
a832,a639,guncontrol,0.8
a4,a857,gaymarriage,0.4
a863,a342,existenceofGod,0.25
a899,a345,evolution,0.5
a6,a935,guncontrol,0.2
a433,a242,gaymarriage,0.2
a634,a583,existenceofGod,0.666666667
a876,a406,evolution,0.833333333
a852,a5,abortion,0.5
a230,a213,existenceofGod,0.5
a954,a279,abortion,0.2
a779,a268,guncontrol,0.666666667
a823,a56,guncontrol,0.666666667
a224,a113,climatechange,0.75
a835,a384,abortion,0.666666667
a752,a614,climatechange,0.2
a617,a617,evolution,0.2
a585,a279,deathpenalty,0.5
a279,a108,gaymarriage,0.2
a864,a864,evolution,0.833333333
a950,a260,climatechange,0.75
a928,a323,evolution,0.5
a197,a823,guncontrol,0.6
a556,a242,gaymarriage,0.666666667
a936,a756,abortion,0.5
a653,a325,evolution,0.833333333
a231,a242,existenceofGod,0.2
a647,a346,guncontrol,0.333333333
a928,a525,evolution,0.5
a232,a634,gaymarriage,0.333333333
a420,a316,existenceofGod,0.166666667
a695,a505,existenceofGod,0.2
a601,a601,communismvscapitalism,0.6
a722,a722,guncontrol,0.75
a823,a6,guncontrol,0.2
a193,a497,gaymarriage,0.2
a755,a62,evolution,0.6
a231,a165,evolution,0.5
a343,a230,evolution,0.2
a790,a279,abortion,0.5
a460,a460,evolution,0.666666667
a624,a624,existenceofGod,0.2
a56,a892,evolution,0.333333333
a556,a342,existenceofGod,0.4
a780,a387,guncontrol,0.333333333
a279,a255,abortion,0.2
a125,a924,guncontrol,0.333333333
a864,a108,gaymarriage,0.2
a382,a689,evolution,0.333333333
a864,a678,existenceofGod,0.25
a647,a671,abortion,0.5
a864,a480,guncontrol,0.6
